CODIGO,DISTRITO,DEPARTAMENTO,MUNICIPIO,ESTABLECIMIENTO,DIRECCION,SUPERVISOR,DIRECTOR,NIVEL,SECTOR,AREA,STATUS,MODALIDAD,JORNADA,PLAN,DEPARTAMENTAL,TELEFONO_1
16-01-0138-46,16-031,ALTA VERAPAZ,COBAN,COLEGIO COBAN,KM.2 SALIDA A SAN JUAN CHAMELCO ZONA 8,MERCEDES JOSEFINA TORRES GALVEZ,GUSTAVO ADOLFO SIERRA POP,DIVERSIFICADO,PRIVADO,URBANA,ABIERTA,MONOLINGUE,MATUTINA,DIARIO(REGULAR),ALTA VERAPAZ,77945104
16-01-0139-46,16-031,ALTA VERAPAZ,COBAN,COLEGIO PARTICULAR MIXTO VERAPAZ,KM 209.5 ENTRADA A LA CIUDAD,MERCEDES JOSEFINA TORRES GALVEZ,GILMA DOLORES GUAY PAZ DE LEAL,DIVERSIFICADO,PRIVADO,URBANA,ABIERTA,MONOLINGUE,MATUTINA,DIARIO(REGULAR),ALTA VERAPAZ,77367402
16-01-0140-46,16-031,ALTA VERAPAZ,COBAN,"COLEGIO ""LA INMACULADA""",7A. AVENIDA 11-109 ZONA 6,MERCEDES JOSEFINA TORRES GALVEZ,VIRGINIA SOLANO SERRANO,DIVERSIFICADO,PRIVADO,URBANA,ABIERTA,MONOLINGUE,MATUTINA,DIARIO(REGULAR),ALTA VERAPAZ,78232301
16-01-0141-46,16-005,ALTA VERAPAZ,COBAN,ESCUELA NACIONAL DE CIENCIAS COMERCIALES,2A CALLE 11-10 ZONA 2,RUDY ADOLFO TOT OCH,HɃTOR ROLANDO CHUN POOU,DIVERSIFICADO,OFICIAL,URBANA,ABIERTA,MONOLINGUE,MATUTINA,DIARIO(REGULAR),ALTA VERAPAZ,79514215
16-01-0142-46,16-005,ALTA VERAPAZ,COBAN,INSTITUTO NORMAL MIXTO DEL NORTE 'EMILIO ROSALES PONCE',3A AVE 6-23 ZONA 11,RUDY ADOLFO TOT OCH,VICTOR HUGO DOM͎GUEZ REYES,DIVERSIFICADO,OFICIAL,URBANA,ABIERTA,BILINGUE,VESPERTINA,DIARIO(REGULAR),ALTA VERAPAZ,79521468
16-01-0143-46,16-031,ALTA VERAPAZ,COBAN,COLEGIO PARTICULAR MIXTO IMPERIAL,5A. CALLE 1-9 ZONA 3,MERCEDES JOSEFINA TORRES GALVEZ,HɃTOR WALDEMAR TOT COY,DIVERSIFICADO,PRIVADO,URBANA,ABIERTA,MONOLINGUE,DOBLE,FIN DE SEMANA,ALTA VERAPAZ,57101061
16-01-0145-46,16-006,ALTA VERAPAZ,COBAN,INSTITUTO DE TURSMO Y AVIACON DEL NORTE I.T.A.N,3 AV. 5-28 ZONA 4,EFRAIN CAAL CUC,LUIS FERNANDO SOTO,DIVERSIFICADO,PRIVADO,URBANA,CERRADA TEMPORALMENTE,MONOLINGUE,MATUTINA,DIARIO(REGULAR),ALTA VERAPAZ,54641454
16-01-0147-46,16-031,ALTA VERAPAZ,COBAN,"COLEGIO ""LA INMACULADA""",7A. CALLE 11-09 ZONA 6 COBAN,MERCEDES JOSEFINA TORRES GALVEZ,ROSA MAŔ ZAMORA GONZLEZ,DIVERSIFICADO,PRIVADO,RURAL,CERRADA TEMPORALMENTE,MONOLINGUE,DOBLE,DIARIO(REGULAR),ALTA VERAPAZ,49532425
16-01-0150-46,16-006,ALTA VERAPAZ,COBAN,INSTITUTO INTERCULTRUAL ALTAVERAPACENCESE -IIAV-,3A. AVAENIDA 1-23 ZONA 4,EFRAIN CAAL CUC,GUILLERMO ESTUARDO VASQUEZ MORALES,DIVERSIFICADO,PRIVADO,URBANA,CERRADA TEMPORALMENTE,BILINGUE,DOBLE,FIN DE SEMANA,ALTA VERAPAZ,
16-01-0155-46,16-031,ALTA VERAPAZ,COBAN,"LICEO ""MODERNO LATINO""",11 AVENIDA 5-17 ZONA 4,MERCEDES JOSEFINA TORRES GALVEZ,HɃTOR ARMANDO TEYUL CHEN,DIVERSIFICADO,PRIVADO,URBANA,ABIERTA,MONOLINGUE,DOBLE,FIN DE SEMANA,ALTA VERAPAZ,79522555
16-01-0428-46,16-005,ALTA VERAPAZ,COBAN,INSTITUTO NACIONAL DE EDUCACION DIVERSIFICADA,"DIAGONAL 08 8-05 ZONA 8, BARRIO CANTӍ LAS CASAS",RUDY ADOLFO TOT OCH,HELSON MARCO CHɎ GUTIERREZ,DIVERSIFICADO,OFICIAL,RURAL,ABIERTA,MONOLINGUE,VESPERTINA,DIARIO(REGULAR),ALTA VERAPAZ,79945251
16-01-0471-46,16-031,ALTA VERAPAZ,COBAN,"COLEGIO DE INFORMATICA ""CENINFAV""",12 AV. 2-12 ZONA 1,MERCEDES JOSEFINA TORRES GALVEZ,MARIA MAGDALENA BOL CU,DIVERSIFICADO,PRIVADO,URBANA,ABIERTA,MONOLINGUE,VESPERTINA,DIARIO(REGULAR),ALTA VERAPAZ,79545566
16-01-0478-46,16-031,ALTA VERAPAZ,COBAN,"COLEGIO EVANGELICO ""LA PATRIA""",FINCA CHIMAXITO ZONA 11,MERCEDES JOSEFINA TORRES GALVEZ,AURA EUNICE SOTO FONSECA,DIVERSIFICADO,PRIVADO,URBANA,CERRADA TEMPORALMENTE,MONOLINGUE,MATUTINA,DIARIO(REGULAR),ALTA VERAPAZ,79514440
16-01-0481-46,16-031,ALTA VERAPAZ,COBAN,LICEO AMERICANO DEL NORTE,5TA. CALLE 2-23 ZONA 4,MERCEDES JOSEFINA TORRES GALVEZ,JOSƓCUPERTINO REYES GARCIA,DIVERSIFICADO,PRIVADO,URBANA,ABIERTA,MONOLINGUE,MATUTINA,DIARIO(REGULAR),ALTA VERAPAZ,79514754
16-01-0483-46,16-031,ALTA VERAPAZ,COBAN,LICEO AMERICANO DEL NORTE,5TA. CALLE 2-23 ZONA 4,MERCEDES JOSEFINA TORRES GALVEZ,JOSƓCUPERTINO REYES GARCIA,DIVERSIFICADO,PRIVADO,URBANA,ABIERTA,MONOLINGUE,DOBLE,FIN DE SEMANA,ALTA VERAPAZ,79514754
16-01-0557-46,16-031,ALTA VERAPAZ,COBAN,"COLEGIO ""LA LIBERTAD""",3RA. AVENIDA 5-12 ZONA 4,MERCEDES JOSEFINA TORRES GALVEZ,ERICK FERNANDO CHOC GARCIA,DIVERSIFICADO,PRIVADO,URBANA,CERRADA TEMPORALMENTE,MONOLINGUE,DOBLE,FIN DE SEMANA,ALTA VERAPAZ,79523696
16-01-0558-46,16-005,ALTA VERAPAZ,COBAN,"INSTITUTO NORMAL PREPRIMARIA BILINGUE ADSCRITO AL INSTITUTO NORMAL MIXTO DEL NORTE ""EMILIO ROSALES PONCE""",3A. AVE. 6-23 ZONA 11,RUDY ADOLFO TOT OCH,VICTOR HUGO DOM͎GUEZ REYES,DIVERSIFICADO,OFICIAL,URBANA,ABIERTA,MONOLINGUE,VESPERTINA,DIARIO(REGULAR),ALTA VERAPAZ,79521468
16-01-0559-46,16-005,ALTA VERAPAZ,COBAN,INSTITUTO NORMAL PRIMARIA BILINGUE INTERCULTURAL ADS. AL INSTITUTO EMILIO ROSALES PONCE,3A. AVE. 6-23 ZONA 11,RUDY ADOLFO TOT OCH,VICTOR HUGO DOM͎GUEZ REYES,DIVERSIFICADO,OFICIAL,URBANA,ABIERTA,MONOLINGUE,VESPERTINA,DIARIO(REGULAR),ALTA VERAPAZ,79521468
16-01-0563-46,16-031,ALTA VERAPAZ,COBAN,CENTRO DE FORMACION INTEGRAL LAS CONCHAS FMG,ALDEA LAS CONCHAS,MERCEDES JOSEFINA TORRES GALVEZ,DAVID WALDEMAR URRUTIA CHOC,DIVERSIFICADO,PRIVADO,RURAL,ABIERTA,MONOLINGUE,VESPERTINA,DIARIO(REGULAR),ALTA VERAPAZ,79522793
16-01-0565-46,16-031,ALTA VERAPAZ,COBAN,"INSTITUTO MIXTO PRIVADO ""SALUD Y DESARROLLO""",DIAGNONAL 1 1-26 ZONA 1,MERCEDES JOSEFINA TORRES GALVEZ,SAMANTHA GABRIELA DE LA CRUZ MORALES,DIVERSIFICADO,PRIVADO,URBANA,ABIERTA,MONOLINGUE,DOBLE,FIN DE SEMANA,ALTA VERAPAZ,51922050
16-01-0568-46,16-031,ALTA VERAPAZ,COBAN,INSTITUTO PRIVADO RAUL CHENAL HEINEMANN,5A. CALLE 1-06 ZONA 3,MERCEDES JOSEFINA TORRES GALVEZ,SILVIA BEATRIZ SOTO CHɎ,DIVERSIFICADO,PRIVADO,URBANA,ABIERTA,MONOLINGUE,NOCTURNA,DIARIO(REGULAR),ALTA VERAPAZ,79510413
16-01-0570-46,16-031,ALTA VERAPAZ,COBAN,LICEO MIGUEL ANGEL ASTURIAS,7A. CALLE 1-13 ZONA 3,MERCEDES JOSEFINA TORRES GALVEZ,JAYRON ARIEL COY CACAO,DIVERSIFICADO,PRIVADO,URBANA,CERRADA TEMPORALMENTE,MONOLINGUE,DOBLE,FIN DE SEMANA,ALTA VERAPAZ,79511103
16-01-0572-46,16-031,ALTA VERAPAZ,COBAN,LICEO MIGUEL ANGEL ASTURIAS,7A. CALLE 1-13 ZONA 3,MERCEDES JOSEFINA TORRES GALVEZ,JAYRON ARIEL COY CACAO,DIVERSIFICADO,PRIVADO,URBANA,ABIERTA,MONOLINGUE,MATUTINA,DIARIO(REGULAR),ALTA VERAPAZ,79511103
16-01-0573-46,16-031,ALTA VERAPAZ,COBAN,COLEGIO CRISTIANO BILINGUE VERBO,4A. CALLE A 4-32 ZONA 8,MERCEDES JOSEFINA TORRES GALVEZ,LESLY EUGENIA CHOCOOJ VIDAURRE,DIVERSIFICADO,PRIVADO,URBANA,ABIERTA,MONOLINGUE,MATUTINA,DIARIO(REGULAR),ALTA VERAPAZ,77945181
16-01-0574-46,16-005,ALTA VERAPAZ,COBAN,ESCUELA NACIONAL DE CIENCIAS COMERCIALES,2A. CALLE 11-10 ZONA 2,RUDY ADOLFO TOT OCH,ERVIN ORLANDO JUAREZ SAM,DIVERSIFICADO,OFICIAL,URBANA,ABIERTA,MONOLINGUE,VESPERTINA,DIARIO(REGULAR),ALTA VERAPAZ,53530198
16-01-0583-46,16-031,ALTA VERAPAZ,COBAN,COLEGIO NUEVOS SENDEROS,"3A. CALLE 3-74, ZONA 3",MERCEDES JOSEFINA TORRES GALVEZ,ZOYLA ARGENTINA MOLLINEDO ALVARADO,DIVERSIFICADO,PRIVADO,URBANA,ABIERTA,MONOLINGUE,MATUTINA,DIARIO(REGULAR),ALTA VERAPAZ,79417300
16-01-0604-46,16-031,ALTA VERAPAZ,COBAN,INSTITUTO PRIVADO RAUL CHENAL HEINEMANN,"5A. CALLE 1-06, ZONA 3",MERCEDES JOSEFINA TORRES GALVEZ,SILVIA BEATRIZ SOTO CHɎ,DIVERSIFICADO,PRIVADO,URBANA,ABIERTA,MONOLINGUE,MATUTINA,DIARIO(REGULAR),ALTA VERAPAZ,79510413
16-01-0609-46,16-031,ALTA VERAPAZ,COBAN,INSTITUTO MIXTO DE EDUCACION BILINGUE INTERCULTURAL -IMEBI-,LOTIFICACION CHIVENCORRAL,MERCEDES JOSEFINA TORRES GALVEZ,JUAN PASCUAL LUCAS ANTONIO,DIVERSIFICADO,PRIVADO,URBANA,ABIERTA,MONOLINGUE,VESPERTINA,DIARIO(REGULAR),ALTA VERAPAZ,30367501
16-01-0611-46,16-031,ALTA VERAPAZ,COBAN,COLEGIO HISPANOAMERICANO,"1A CALLE 17-41 COMUNIDAD PETET CHIXIC, ZONA 12",MERCEDES JOSEFINA TORRES GALVEZ,OCTAVIO ISMAEL BATZ CHOC,DIVERSIFICADO,PRIVADO,URBANA,CERRADA TEMPORALMENTE,MONOLINGUE,MATUTINA,DIARIO(REGULAR),ALTA VERAPAZ,74725125
16-01-0612-46,16-031,ALTA VERAPAZ,COBAN,INSTITUTO DE MAGISTERIO DE EDUCACION PREPRIMARIA INFANTIL BILINGUE INTERCULTURAL LUZ DEL SABER,"CALZADA RABIN AJAU, ZONA 1",MERCEDES JOSEFINA TORRES GALVEZ,THELMA MARTINA POP TZIR,DIVERSIFICADO,PRIVADO,RURAL,ABIERTA,BILINGUE,VESPERTINA,DIARIO(REGULAR),ALTA VERAPAZ,57565646
16-01-0613-46,16-031,ALTA VERAPAZ,COBAN,"COLEGIO PARTICULAR MIXTO ""ANTON DE MONTESINOS""",1A. CALLE 7-22 ZONA 3,MERCEDES JOSEFINA TORRES GALVEZ,MARGARITA VILLALOBOS LIGORŔ,DIVERSIFICADO,PRIVADO,URBANA,ABIERTA,MONOLINGUE,MATUTINA,DIARIO(REGULAR),ALTA VERAPAZ,77259205
16-01-0616-46,16-037,ALTA VERAPAZ,COBAN,INSTITUTO NACIONAL DE EDUCACION DIVERSIFICADA,ALDEA SALACUIM,ERNESTO CAAL CHOC,BRYAN FARUC PRADO TUT,DIVERSIFICADO,OFICIAL,RURAL,ABIERTA,MONOLINGUE,VESPERTINA,DIARIO(REGULAR),ALTA VERAPAZ,57300783
16-01-0619-46,16-031,ALTA VERAPAZ,COBAN,"COLEGIO PARTICULAR MIXTO ""ANTON DE MONTESINOS""",1A. CALLE 7-22 ZONA 3,MERCEDES JOSEFINA TORRES GALVEZ,MARGARITA VILLALOBOS LIGORŔ,DIVERSIFICADO,PRIVADO,URBANA,CERRADA TEMPORALMENTE,MONOLINGUE,VESPERTINA,DIARIO(REGULAR),ALTA VERAPAZ,77259205
16-01-0642-46,16-005,ALTA VERAPAZ,COBAN,INSTITUTO NACIONAL DE EDUCACION DIVERSIFICADA,ALDEA CHOVAL,RUDY ADOLFO TOT OCH,GILDA ARACELY WELLMANN DUARTE,DIVERSIFICADO,OFICIAL,RURAL,ABIERTA,MONOLINGUE,VESPERTINA,DIARIO(REGULAR),ALTA VERAPAZ,53331646
16-01-0646-46,16-031,ALTA VERAPAZ,COBAN,INSTITUTO MIXTO PRIVADO SALUD Y DESARROLLO,DIAGNONAL 1 1-26 ZONA 1,MERCEDES JOSEFINA TORRES GALVEZ,ERWIN ROLANDO XOL CHUN,DIVERSIFICADO,PRIVADO,URBANA,CERRADA TEMPORALMENTE,MONOLINGUE,DOBLE,FIN DE SEMANA,ALTA VERAPAZ,44042550
16-01-0651-46,16-031,ALTA VERAPAZ,COBAN,CENTRO DE FORMACIӍ INTEGRAL CIUDAD DE LA ESPERANZA,6A. AV. 10-68 ZONA 12 COLONIA EL ESFUERZO I,MERCEDES JOSEFINA TORRES GALVEZ,BYRON ANIBAL GӍEZ GATICA,DIVERSIFICADO,PRIVADO,URBANA,ABIERTA,MONOLINGUE,MATUTINA,DIARIO(REGULAR),ALTA VERAPAZ,77367652
16-01-0652-46,16-037,ALTA VERAPAZ,COBAN,INSTITUTO MAYA COMUNITARIO K AMOLB E,ALDEA NIMLAJACOC,ERNESTO CAAL CHOC,JOSE LINO QUIB CHE,DIVERSIFICADO,PRIVADO,RURAL,ABIERTA,BILINGUE,VESPERTINA,DIARIO(REGULAR),ALTA VERAPAZ,30621374
16-01-0664-46,16-031,ALTA VERAPAZ,COBAN,LICEO AMERICANO DEL NORTE,5TA. AVENIDA 2-23 ZONA 4,MERCEDES JOSEFINA TORRES GALVEZ,JOSƓCUPERTINO REYES GARCIA,DIVERSIFICADO,PRIVADO,URBANA,ABIERTA,MONOLINGUE,MATUTINA,DIARIO(REGULAR),ALTA VERAPAZ,79514754
16-01-0665-46,16-031,ALTA VERAPAZ,COBAN,"COLEGIO DE INFORMTICA ""CENINFAV""",12 AVENIDA 2-12 ZONA 1,MERCEDES JOSEFINA TORRES GALVEZ,MARIA MAGDALENA BOL CU,DIVERSIFICADO,PRIVADO,URBANA,CERRADA TEMPORALMENTE,MONOLINGUE,DOBLE,DIARIO(REGULAR),ALTA VERAPAZ,79545566
16-01-0666-46,16-031,ALTA VERAPAZ,COBAN,"COLEGIO DE INFORMTICA ""CENINFAV""",12 AVENIDA 2-12 ZONA 1,MERCEDES JOSEFINA TORRES GALVEZ,HɃTOR VIDAL BOL Cڼ/TD>,DIVERSIFICADO,PRIVADO,URBANA,CERRADA TEMPORALMENTE,MONOLINGUE,DOBLE,FIN DE SEMANA,ALTA VERAPAZ,79521765
16-01-0668-46,16-031,ALTA VERAPAZ,COBAN,COLEGIO PARTICULAR MIXTO IMPERIAL,"5A CALLE 1-98, ZONA 3",MERCEDES JOSEFINA TORRES GALVEZ,HɃTOR WALDEMAR TOT COY,DIVERSIFICADO,PRIVADO,URBANA,ABIERTA,MONOLINGUE,DOBLE,DIARIO(REGULAR),ALTA VERAPAZ,57101061
16-01-0671-46,16-031,ALTA VERAPAZ,COBAN,COLEGIO PRIVADO MIXTO TECNOLӇICO EN INFORMTICA,2A. CALLE 12-23 ZONA 4,MERCEDES JOSEFINA TORRES GALVEZ,JORGE SALVADOR JUREZ SIERRA,DIVERSIFICADO,PRIVADO,URBANA,ABIERTA,MONOLINGUE,DOBLE,DIARIO(REGULAR),ALTA VERAPAZ,79521190
16-01-0672-46,16-031,ALTA VERAPAZ,COBAN,ICA,11AVENIDA 1-10 ZONA 1,MERCEDES JOSEFINA TORRES GALVEZ,LAIDY ANDREA CHOCOOJ TIUL,DIVERSIFICADO,PRIVADO,URBANA,ABIERTA,MONOLINGUE,MATUTINA,DIARIO(REGULAR),ALTA VERAPAZ,33509500
16-01-0678-46,16-031,ALTA VERAPAZ,COBAN,COLEGIO LA LIBERTAD,3A. AVENIDA CINCO GUION DOCE (5-12),MERCEDES JOSEFINA TORRES GALVEZ,SILVIA YOLANDA CAAL QUIM,DIVERSIFICADO,PRIVADO,URBANA,ABIERTA,MONOLINGUE,DOBLE,FIN DE SEMANA,ALTA VERAPAZ,48979726
16-01-0681-46,16-031,ALTA VERAPAZ,COBAN,INSTITUTO MIXTO PRIVADO SANTO DOMINGO,"2A. CALLE 11-10, ZONA 2",MERCEDES JOSEFINA TORRES GALVEZ,AMⱰICA NUILA LUTHER,DIVERSIFICADO,PRIVADO,URBANA,ABIERTA,MONOLINGUE,DOBLE,FIN DE SEMANA,ALTA VERAPAZ,79529830
16-01-0690-46,16-031,ALTA VERAPAZ,COBAN,"ISEA ""LA ESCUELA EN SU CASA""",1A. AV. 4-24 ZONA 2,MERCEDES JOSEFINA TORRES GALVEZ,LUDWIN JOEL NORIEGA MORALES,DIVERSIFICADO,PRIVADO,URBANA,ABIERTA,MONOLINGUE,DOBLE,A DISTANCIA,ALTA VERAPAZ,77930803
16-01-0694-46,16-031,ALTA VERAPAZ,COBAN,COLEGIO LA LIBERTAD,3A. AV. 5-12 ZONA 4,MERCEDES JOSEFINA TORRES GALVEZ,SILVIA YOLANDA CAAL QUIM,DIVERSIFICADO,PRIVADO,URBANA,ABIERTA,MONOLINGUE,DOBLE,SEMIPRESENCIAL,ALTA VERAPAZ,55564568
16-01-0703-46,16-031,ALTA VERAPAZ,COBAN,INSTITUTO MIXTO PRIVADO SALUD Y DESARROLLO,DIAGNONAL 1 1-26 ZONA 1,MERCEDES JOSEFINA TORRES GALVEZ,SAMANTHA GABRIELA DE LA CRUZ MORALES,DIVERSIFICADO,PRIVADO,URBANA,ABIERTA,BILINGUE,VESPERTINA,DIARIO(REGULAR),ALTA VERAPAZ,51922050
16-01-0705-46,16-050,ALTA VERAPAZ,COBAN,PROGRAMA NACIONAL DE EDUCACIӍ ALTERNATIVA PRONEA,7A. AV. 2-18 D ZONA 1,MAXIMILIANO CHUB ICAL,--,DIVERSIFICADO,OFICIAL,RURAL,ABIERTA,MONOLINGUE,DOBLE,A DISTANCIA,ALTA VERAPAZ,45587767
16-01-0710-46,16-031,ALTA VERAPAZ,COBAN,OXFORD BILINGUAL SCHOOL,2DA. CALLE 16-94 ZONA 4,MERCEDES JOSEFINA TORRES GALVEZ,DARWIN ROBERTO IGLESIAS DE LA CRUZ,DIVERSIFICADO,PRIVADO,URBANA,ABIERTA,BILINGUE,MATUTINA,DIARIO(REGULAR),ALTA VERAPAZ,79513898
16-01-0712-46,16-050,ALTA VERAPAZ,COBAN,ENBI CENTRO DE EDUCACIӍ EXTRAESCOLAR -CEEX-,10 AVENIDA 1-25 ZONA 3,MAXIMILIANO CHUB ICAL,ANABELA CECILIA BOL CAAL,DIVERSIFICADO,OFICIAL,URBANA,ABIERTA,BILINGUE,VESPERTINA,DIARIO(REGULAR),ALTA VERAPAZ,79521302
16-01-0909-46,16-031,ALTA VERAPAZ,COBAN,"ISEA ""LA ESCUELA EN SU CASA""","2A. CALLE ""A"" 11-10, ZONA 1",MERCEDES JOSEFINA TORRES GALVEZ,LUDWIN JOEL NORIEGA MORALES,DIVERSIFICADO,PRIVADO,URBANA,ABIERTA,MONOLINGUE,SIN JORNADA,SEMIPRESENCIAL (FIN DE SEMANA),ALTA VERAPAZ,77256954
16-01-0910-46,16-031,ALTA VERAPAZ,COBAN,COLEGIO DE INFORMATICA CENINFAV,"12 AVENIDA 2-12, ZONA 1",MERCEDES JOSEFINA TORRES GALVEZ,HɃTOR VIDAL BOL Cڼ/TD>,DIVERSIFICADO,PRIVADO,URBANA,ABIERTA,MONOLINGUE,SIN JORNADA,SEMIPRESENCIAL (FIN DE SEMANA),ALTA VERAPAZ,79521765
16-01-0912-46,16-031,ALTA VERAPAZ,COBAN,COLEGIO PRIVADO MIXTO TECNOLOGICO EN INFORMATICA,"2A. CALLE 12-23, ZONA 4",MERCEDES JOSEFINA TORRES GALVEZ,DANIEL BERNARDO RAMIREZ GONZLEZ,DIVERSIFICADO,PRIVADO,URBANA,ABIERTA,MONOLINGUE,SIN JORNADA,SEMIPRESENCIAL (FIN DE SEMANA),ALTA VERAPAZ,79511459
16-01-0913-46,16-031,ALTA VERAPAZ,COBAN,INSTITUTO MIXTO PRIVADO SALUD Y DESARROLLO,"DIAGONAL 1 1-26, ZONA 1",MERCEDES JOSEFINA TORRES GALVEZ,SAMANTHA GABRIELA DE LA CRUZ MORALES,DIVERSIFICADO,PRIVADO,URBANA,ABIERTA,MONOLINGUE,SIN JORNADA,SEMIPRESENCIAL (FIN DE SEMANA),ALTA VERAPAZ,59584790
16-01-0915-46,16-031,ALTA VERAPAZ,COBAN,INSTITUTO MIXTO PRIVADO SANTO DOMINGO,"2A. CALLE 11-10, ZONA 2",MERCEDES JOSEFINA TORRES GALVEZ,AMⱰICA NUILA LUTHER,DIVERSIFICADO,PRIVADO,URBANA,ABIERTA,MONOLINGUE,SIN JORNADA,SEMIPRESENCIAL (FIN DE SEMANA),ALTA VERAPAZ,79529830
16-01-0917-46,16-031,ALTA VERAPAZ,COBAN,INSTITUTO PRIVADO MIXTO MONJA BLANCA,"DIAGONAL 3 14-11, ZONA 2",MERCEDES JOSEFINA TORRES GALVEZ,EDWIN ARMANDO CATڎ CAAL,DIVERSIFICADO,PRIVADO,URBANA,ABIERTA,MONOLINGUE,SIN JORNADA,SEMIPRESENCIAL (FIN DE SEMANA),ALTA VERAPAZ,79513896
16-01-0918-46,16-031,ALTA VERAPAZ,COBAN,LICEO PREUNIVERSITARIO DE NORTE,"3A. AVENIDA 8-32, ZONA 10",MERCEDES JOSEFINA TORRES GALVEZ,ZOILA IMENA LӐEZ RODAS,DIVERSIFICADO,PRIVADO,URBANA,ABIERTA,MONOLINGUE,SIN JORNADA,SEMIPRESENCIAL (FIN DE SEMANA),ALTA VERAPAZ,79417346
16-01-0919-46,16-031,ALTA VERAPAZ,COBAN,"LICEO MIXTO PARTICULAR ""SAN BENITO""","9A. AVENIDA 4-55, ZONA 4",MERCEDES JOSEFINA TORRES GALVEZ,HENRI MARCO ARTOLA TEYUL,DIVERSIFICADO,PRIVADO,URBANA,ABIERTA,MONOLINGUE,VESPERTINA,DIARIO(REGULAR),ALTA VERAPAZ,37058145
16-01-0922-46,16-031,ALTA VERAPAZ,COBAN,COLEGIO LA LIBERTAD,"3A. AVENIDA 5-12, ZONA 4",MERCEDES JOSEFINA TORRES GALVEZ,SILVIA YOLANDA CAAL QUIM,DIVERSIFICADO,PRIVADO,URBANA,ABIERTA,MONOLINGUE,SIN JORNADA,SEMIPRESENCIAL (FIN DE SEMANA),ALTA VERAPAZ,33857209
16-01-0926-46,16-005,ALTA VERAPAZ,COBAN,INSTITUTO NACIONAL DE EDUCACIӍ DIVERSIFICADA,2A. CALLE 1-99 ZONA 4 COBAN,RUDY ADOLFO TOT OCH,ESTHER GUADALUPE PINEDA OCHAETA,DIVERSIFICADO,OFICIAL,URBANA,ABIERTA,MONOLINGUE,NOCTURNA,DIARIO(REGULAR),ALTA VERAPAZ,45282976
16-01-0927-46,16-005,ALTA VERAPAZ,COBAN,INSTITUTO NACIONAL DE EDUCACIӍ DIVERSIFICADA,2A. CALLE 1-99 ZONA 4,RUDY ADOLFO TOT OCH,ESTHER GUADALUPE PINEDA OCHAETA,DIVERSIFICADO,OFICIAL,URBANA,ABIERTA,MONOLINGUE,NOCTURNA,DIARIO(REGULAR),ALTA VERAPAZ,45282976
16-01-0982-46,16-050,ALTA VERAPAZ,COBAN,CENTRO DE EDUCACIӍ EXTRAESCOLAR -CEEX-,8A. AVENIDA 02-43 ZONA 1,MAXIMILIANO CHUB ICAL,LIDIA DOLORES YAT XOL,DIVERSIFICADO,OFICIAL,SIN ESPECIFICAR,ABIERTA,MONOLINGUE,DOBLE,SEMIPRESENCIAL,ALTA VERAPAZ,45423234
16-01-0986-46,16-031,ALTA VERAPAZ,COBAN,COLEGIO MIXTO LA EXCELENCIA,"2A. CALLE 8-18 ZONA 4, COBAN",MERCEDES JOSEFINA TORRES GALVEZ,ZULY BEATRIZ LӐEZ WINTER,DIVERSIFICADO,PRIVADO,URBANA,ABIERTA,MONOLINGUE,DOBLE,FIN DE SEMANA,ALTA VERAPAZ,41114848
16-01-0987-46,16-031,ALTA VERAPAZ,COBAN,COLEGIO MIXTO LA EXCELENCIA,"2A. CALLE 8-18 ZONA 4, COBAN",MERCEDES JOSEFINA TORRES GALVEZ,ZULY BEATRIZ LӐEZ WINTER,DIVERSIFICADO,PRIVADO,URBANA,ABIERTA,MONOLINGUE,SIN JORNADA,SEMIPRESENCIAL (FIN DE SEMANA),ALTA VERAPAZ,41114848
16-01-0990-46,16-031,ALTA VERAPAZ,COBAN,"LICEO MIXTO PARTICULAR ""SAN BENITO""","9A. AVENIDA 4-55, ZONA 4",MERCEDES JOSEFINA TORRES GALVEZ,HENRI MARCO ARTOLA TEYUL,DIVERSIFICADO,PRIVADO,URBANA,ABIERTA,MONOLINGUE,SIN JORNADA,SEMIPRESENCIAL (UN D́ A LA SEMANA),ALTA VERAPAZ,37058145
16-01-0991-46,16-031,ALTA VERAPAZ,COBAN,"LICEO MIXTO PARTICULAR ""SAN BENITO""","9A. AVENIDA 4-55, ZONA 4",MERCEDES JOSEFINA TORRES GALVEZ,HENRI MARCO ARTOLA TEYUL,DIVERSIFICADO,PRIVADO,URBANA,ABIERTA,MONOLINGUE,DOBLE,FIN DE SEMANA,ALTA VERAPAZ,37058145
16-01-0994-46,16-050,ALTA VERAPAZ,COBAN,CENTRO DE EDUCACIӍ EXTRAESCOLAR -CEEX-,BARRIO CHIVENCORRAL ZONA 12,MAXIMILIANO CHUB ICAL,HENRRY ALEXANDER DE LOS SANTOS MUTZ,DIVERSIFICADO,OFICIAL,URBANA,ABIERTA,MONOLINGUE,DOBLE,DIARIO(REGULAR),ALTA VERAPAZ,49972934
16-01-1172-46,16-006,ALTA VERAPAZ,COBAN,COLEGIO PARTICULAR MIXTO CARLOS V,6A. CALLE 2-06 ZONA 8 PERIFERICO SUR COBAN,EFRAIN CAAL CUC,,DIVERSIFICADO,PRIVADO,URBANA,CERRADA TEMPORALMENTE,MONOLINGUE,MATUTINA,FIN DE SEMANA,ALTA VERAPAZ,
16-01-1173-46,16-006,ALTA VERAPAZ,COBAN,COLEGIO PARTICULAR MIXTO CARLOS V,6A. CALLE 2-06 ZONA 8 PERIFERICO SUR COBAN,EFRAIN CAAL CUC,--,DIVERSIFICADO,PRIVADO,URBANA,CERRADA TEMPORALMENTE,MONOLINGUE,MATUTINA,DIARIO(REGULAR),ALTA VERAPAZ,
16-01-1174-46,16-031,ALTA VERAPAZ,COBAN,INSTITUTO PRIVADO RAUL CHENAL HEINEMANN,5A. CALLE 1-06 ZONA 3,MERCEDES JOSEFINA TORRES GALVEZ,SILVIA BEATRIZ SOTO CHɎ,DIVERSIFICADO,PRIVADO,URBANA,ABIERTA,MONOLINGUE,VESPERTINA,DIARIO(REGULAR),ALTA VERAPAZ,79510413
16-01-1175-46,16-031,ALTA VERAPAZ,COBAN,INSTITUTO PRIVADO RAUL CHENAL HEINEMANN,5TA. CALLE 1-06 ZONA 3,MERCEDES JOSEFINA TORRES GALVEZ,SILVIA BEATRIZ SOTO CHɎ,DIVERSIFICADO,PRIVADO,URBANA,ABIERTA,MONOLINGUE,DOBLE,FIN DE SEMANA,ALTA VERAPAZ,79520414
16-01-1176-46,16-031,ALTA VERAPAZ,COBAN,INSTITUTO MIXTO PRIVADO SANTO DOMINGO,2A. CALLE 11-10 ZONA 2,MERCEDES JOSEFINA TORRES GALVEZ,AMⱰICA NUILA LUTHER,DIVERSIFICADO,PRIVADO,URBANA,CERRADA TEMPORALMENTE,MONOLINGUE,VESPERTINA,SABATINO,ALTA VERAPAZ,79529830
16-01-1177-46,16-006,ALTA VERAPAZ,COBAN,INSTITUTO PRIVADO MIXTO SANTO DOMINGO,2A. CALLE 11-10 ZONA 2,EFRAIN CAAL CUC,,DIVERSIFICADO,PRIVADO,URBANA,CERRADA TEMPORALMENTE,MONOLINGUE,MATUTINA,SABATINO,ALTA VERAPAZ,77231494
16-01-1259-46,16-006,ALTA VERAPAZ,COBAN,INSTITUTO DE TURISMO Y AVIACION DEL NORTE ITAN,3A. AVENIDA 5-28 ZONA 4,EFRAIN CAAL CUC,,DIVERSIFICADO,PRIVADO,URBANA,CERRADA TEMPORALMENTE,MONOLINGUE,MATUTINA,DIARIO(REGULAR),ALTA VERAPAZ,58633599
16-01-1312-46,16-031,ALTA VERAPAZ,COBAN,COLEGIO PRIVADO MIXTO TECNOLOGICO EN INFORMATICA,2A. CALLE 12-23 ZONA 4,MERCEDES JOSEFINA TORRES GALVEZ,DANIEL BERNARDO RAMIREZ GONZLEZ,DIVERSIFICADO,PRIVADO,URBANA,CERRADA TEMPORALMENTE,MONOLINGUE,VESPERTINA,FIN DE SEMANA,ALTA VERAPAZ,79511459
16-01-1313-46,16-006,ALTA VERAPAZ,COBAN,COLEGIO PRIVADO MIXTO TECNOLOGICO EN INFORMATICA,2A. CALLE 12-23 ZONA 4,EFRAIN CAAL CUC,,DIVERSIFICADO,PRIVADO,URBANA,CERRADA TEMPORALMENTE,MONOLINGUE,NOCTURNA,DIARIO(REGULAR),ALTA VERAPAZ,79511459
16-01-1390-46,16-031,ALTA VERAPAZ,COBAN,LICEO MIGUEL ANGEL ASTURIAS,7A. CALLE 1-13 ZONA 3,MERCEDES JOSEFINA TORRES GALVEZ,JAYRON ARIEL COY CACAO,DIVERSIFICADO,PRIVADO,URBANA,CERRADA TEMPORALMENTE,MONOLINGUE,MATUTINA,FIN DE SEMANA,ALTA VERAPAZ,79511103
16-01-1393-46,16-031,ALTA VERAPAZ,COBAN,LICEO PREUNIVERSITARIO DEL NORTE,2A. CALLE 6-41 ZONA 4,MERCEDES JOSEFINA TORRES GALVEZ,ALFREDO RODRIGO PAAU VSQUEZ,DIVERSIFICADO,PRIVADO,URBANA,CERRADA TEMPORALMENTE,MONOLINGUE,VESPERTINA,FIN DE SEMANA,ALTA VERAPAZ,79417346
16-01-1394-46,16-031,ALTA VERAPAZ,COBAN,INSTITUTO PRIVADO MIXTO MONJA BLANCA,"DIAGONAL 3, 14-11 ZONA 2",MERCEDES JOSEFINA TORRES GALVEZ,EDWIN ARMANDO CATڎ CAAL,DIVERSIFICADO,PRIVADO,URBANA,ABIERTA,MONOLINGUE,DOBLE,FIN DE SEMANA,ALTA VERAPAZ,79513896
16-01-1401-46,16-006,ALTA VERAPAZ,COBAN,COOPERACION MESOAMERICANA PARA EL DESARROLLO Y LA PAZ -COMADEP-,COBAN,EFRAIN CAAL CUC,---,DIVERSIFICADO,PRIVADO,URBANA,CERRADA TEMPORALMENTE,MONOLINGUE,DOBLE,A DISTANCIA,ALTA VERAPAZ,52182313
16-01-1468-46,16-031,ALTA VERAPAZ,COBAN,COLEGIO NUESTRA SEЯRA DE LA ESPERANZA,COLONIA EL ESFUERZO I ZONA 12,MERCEDES JOSEFINA TORRES GALVEZ,,DIVERSIFICADO,PRIVADO,URBANA,CERRADA TEMPORALMENTE,MONOLINGUE,MATUTINA,DIARIO(REGULAR),ALTA VERAPAZ,79510207
16-01-1469-46,16-031,ALTA VERAPAZ,COBAN,COLEGIO PRIVADO MIXTO TECNOLOGICO EN INFORMATICA,2A. CALLE 12-23 ZONA 4,MERCEDES JOSEFINA TORRES GALVEZ,DANIEL BERNARDO RAMIREZ GONZLEZ,DIVERSIFICADO,PRIVADO,URBANA,ABIERTA,MONOLINGUE,DOBLE,FIN DE SEMANA,ALTA VERAPAZ,79511459
16-01-1491-46,16-031,ALTA VERAPAZ,COBAN,COLEGIO LA LIBERTAD,BARRIO LA LIBERTAD ZONA 10,MERCEDES JOSEFINA TORRES GALVEZ,CHARLIM HAMILTӍ CAAL HERNNDEZ,DIVERSIFICADO,PRIVADO,URBANA,CERRADA TEMPORALMENTE,MONOLINGUE,MATUTINA,DIARIO(REGULAR),ALTA VERAPAZ,79511439
16-01-2156-46,16-031,ALTA VERAPAZ,COBAN,COLEGIO PARTICULAR MIXTO IMPERIAL,5A. CALLE 1-98 ZONA 3,MERCEDES JOSEFINA TORRES GALVEZ,HɃTOR WALDEMAR TOT COY,DIVERSIFICADO,PRIVADO,URBANA,ABIERTA,MONOLINGUE,VESPERTINA,DIARIO(REGULAR),ALTA VERAPAZ,57101061
16-01-2171-46,16-031,ALTA VERAPAZ,COBAN,INSTITUTO MIXTO NUEVOS HORIZONTES,"6A. AVENIDA 1-15, ZONA 4",MERCEDES JOSEFINA TORRES GALVEZ,FREDY EMILIO VSQUEZ MORALES,DIVERSIFICADO,PRIVADO,URBANA,CERRADA TEMPORALMENTE,MONOLINGUE,MATUTINA,FIN DE SEMANA,ALTA VERAPAZ,
16-01-2302-46,16-031,ALTA VERAPAZ,COBAN,INSTITUTO PRIVADO MIXTO MONJA BLANCA,"DIAGONAL 3, 14-11 ZONA 2",MERCEDES JOSEFINA TORRES GALVEZ,EDWIN ARMANDO CATڎ CAAL,DIVERSIFICADO,PRIVADO,URBANA,CERRADA TEMPORALMENTE,MONOLINGUE,MATUTINA,FIN DE SEMANA,ALTA VERAPAZ,79513896
16-01-2947-46,,ALTA VERAPAZ,COBAN,INSTITUTO PRIVADO BASICO Y BACHILLERATO POR MADUREZ 'CARLOS V',5A. CALLE 1-98 ZONA 3,,,DIVERSIFICADO,PRIVADO,URBANA,CERRADA TEMPORALMENTE,MONOLINGUE,VESPERTINA,DIARIO(REGULAR),ALTA VERAPAZ,
16-01-3041-46,16-005,ALTA VERAPAZ,COBAN,INSTITUTO DE BACHILLERATO ADS. AL INSTITUTO NORMAL MIXTO DEL NORTE EMILIO ROSALES PONCE,3AVENIDA 6-23 ZONA 11,RUDY ADOLFO TOT OCH,VICTOR HUGO DOM͎GUEZ REYES,DIVERSIFICADO,OFICIAL,URBANA,ABIERTA,MONOLINGUE,VESPERTINA,DIARIO(REGULAR),ALTA VERAPAZ,79521468
16-01-6190-46,16-031,ALTA VERAPAZ,COBAN,LICEO MIGUEL ANGEL ASTURIAS,7A. CALLE 1-13 ZONA 3,MERCEDES JOSEFINA TORRES GALVEZ,JAYRON ARIEL COY CACAO,DIVERSIFICADO,PRIVADO,URBANA,ABIERTA,MONOLINGUE,VESPERTINA,DIARIO(REGULAR),ALTA VERAPAZ,79511103
16-01-6191-46,16-031,ALTA VERAPAZ,COBAN,COLEGIO PRIVADO MIXTO TECNOLӇICO EN INFORMATICA,2A. CALLE 12-23 ZONA 4,MERCEDES JOSEFINA TORRES GALVEZ,JORGE SALVADOR JUREZ SIERRA,DIVERSIFICADO,PRIVADO,URBANA,ABIERTA,MONOLINGUE,MATUTINA,DIARIO(REGULAR),ALTA VERAPAZ,79511459
16-01-7308-46,16-031,ALTA VERAPAZ,COBAN,COLEGIO PARTICULAR MIXTO IMPERIAL,"5A. CALLE 1-98, ZONA 3.",MERCEDES JOSEFINA TORRES GALVEZ,---,DIVERSIFICADO,PRIVADO,URBANA,CERRADA TEMPORALMENTE,MONOLINGUE,NOCTURNA,DIARIO(REGULAR),ALTA VERAPAZ,79514226
16-01-8294-46,16-031,ALTA VERAPAZ,COBAN,LICEO PREUNIVERSITARIO DEL NORTE,3A. AVENIDA 8-32 BARRIO LA LIBERTAD ZONA 10,MERCEDES JOSEFINA TORRES GALVEZ,OSCAR ALFREDO MOLINA Cڼ/TD>,DIVERSIFICADO,PRIVADO,URBANA,ABIERTA,MONOLINGUE,DOBLE,DIARIO(REGULAR),ALTA VERAPAZ,79417346
16-01-8317-46,16-031,ALTA VERAPAZ,COBAN,LICEO DE COMPUTACION Y EDUCACION PARA EL HOGAR M.B.M.,3AV. 1-23 ZONA 4,MERCEDES JOSEFINA TORRES GALVEZ,MATILDE OCH CACAO,DIVERSIFICADO,PRIVADO,RURAL,CERRADA TEMPORALMENTE,MONOLINGUE,MATUTINA,DIARIO(REGULAR),ALTA VERAPAZ,79513444
16-01-8331-46,16-031,ALTA VERAPAZ,COBAN,LICEO PREUNIVERSITARIO DEL NORTE,3A. AVENIDA 8-32 BARRIO LA LIBERTAD ZONA 10,MERCEDES JOSEFINA TORRES GALVEZ,ZOILA IMENA LӐEZ RODAS,DIVERSIFICADO,PRIVADO,URBANA,ABIERTA,MONOLINGUE,DOBLE,FIN DE SEMANA,ALTA VERAPAZ,79417346
16-01-8335-46,16-031,ALTA VERAPAZ,COBAN,COLEGIO DE INFORMATICA CENINFAV,12 AV. 2-12 ZONA 1,MERCEDES JOSEFINA TORRES GALVEZ,MARIA MAGDALENA BOL CU,DIVERSIFICADO,PRIVADO,RURAL,ABIERTA,MONOLINGUE,MATUTINA,DIARIO(REGULAR),ALTA VERAPAZ,79545566
16-01-8813-46,25-000,ALTA VERAPAZ,COBAN,INSTITUTO GUATEMALTECO DE EDUCACION RADIOFONICA (IGER),,SONIA HAYDEE REYES MONTERROSO,,DIVERSIFICADO,PRIVADO,RURAL,CERRADA TEMPORALMENTE,MONOLINGUE,MATUTINA,A DISTANCIA,ALTA VERAPAZ,
16-01-9067-46,16-005,ALTA VERAPAZ,COBAN,ESCUELA NORMAL DE EDUCACION FISICA,CALZADA RABIN AJAU ZONA 11,RUDY ADOLFO TOT OCH,BERTA MARIA MENDEZ RODRIGUEZ,DIVERSIFICADO,OFICIAL,URBANA,ABIERTA,MONOLINGUE,DOBLE,DIARIO(REGULAR),ALTA VERAPAZ,79523686
16-01-9095-46,16-031,ALTA VERAPAZ,COBAN,COLEGIO PRIVADO MIXTO TECNOLOGICO EN INFORMATICA,2A. CALLE 12-23 ZONA 4,MERCEDES JOSEFINA TORRES GALVEZ,DANIEL BERNARDO RAMIREZ GONZLEZ,DIVERSIFICADO,PRIVADO,URBANA,ABIERTA,MONOLINGUE,VESPERTINA,DIARIO(REGULAR),ALTA VERAPAZ,79511459
16-01-9102-46,16-031,ALTA VERAPAZ,COBAN,COLEGIO MIXTO EVANGELICO NAZARENO,6A. CALLE 8-10 ZONA 10 CERRITO EL CARACOL COBN,MERCEDES JOSEFINA TORRES GALVEZ,ANA MARIA YAT COY,DIVERSIFICADO,PRIVADO,URBANA,ABIERTA,MONOLINGUE,MATUTINA,DIARIO(REGULAR),ALTA VERAPAZ,79511866
16-01-9260-46,16-005,ALTA VERAPAZ,COBAN,ESCUELA DE FORMACION AGRICOLA,FINCA SAN JOSE LA COLONIA,RUDY ADOLFO TOT OCH,,DIVERSIFICADO,OFICIAL,RURAL,CERRADA TEMPORALMENTE,MONOLINGUE,DOBLE,DIARIO(REGULAR),ALTA VERAPAZ,52191386
16-01-9544-46,16-031,ALTA VERAPAZ,COBAN,COLEGIO BILINGUE DE INFANTES,3A. CALLE 7-07 ZONA 3,MERCEDES JOSEFINA TORRES GALVEZ,NANCY JOHANA HENGSTENBERG DELGADO,DIVERSIFICADO,PRIVADO,URBANA,ABIERTA,MONOLINGUE,MATUTINA,DIARIO(REGULAR),ALTA VERAPAZ,33836377
16-01-9851-46,16-031,ALTA VERAPAZ,COBAN,COLEGIO DE INFORMATICA CENINFAV,12AV. 2-12 ZONA 1,MERCEDES JOSEFINA TORRES GALVEZ,HɃTOR VIDAL BOL Cڼ/TD>,DIVERSIFICADO,PRIVADO,URBANA,ABIERTA,MONOLINGUE,DOBLE,FIN DE SEMANA,ALTA VERAPAZ,79521765
16-01-9897-46,16-031,ALTA VERAPAZ,COBAN,COLEGIO PARTICULAR MIXTO VERAPAZ,KM.209.5 ENTRADA A COBAN,MERCEDES JOSEFINA TORRES GALVEZ,JORGE EDY GUTIERREZ PONCE,DIVERSIFICADO,PRIVADO,URBANA,ABIERTA,MONOLINGUE,VESPERTINA,DIARIO(REGULAR),ALTA VERAPAZ,77367402
16-01-9956-46,16-031,ALTA VERAPAZ,COBAN,LICEO PREUNIVERSITARIO DEL NORTE,2A. CALLE 4-61 ZONA 4,MERCEDES JOSEFINA TORRES GALVEZ,,DIVERSIFICADO,PRIVADO,URBANA,CERRADA TEMPORALMENTE,MONOLINGUE,VESPERTINA,DIARIO(REGULAR),ALTA VERAPAZ,79514754
16-01-9958-46,16-031,ALTA VERAPAZ,COBAN,LICEO DR. RICARDO BRESSANI,1A. AVENIDA 5-52 ZONA 2,MERCEDES JOSEFINA TORRES GALVEZ,BELSY CLARIBEL SANTISTEBAN ARCHILA,DIVERSIFICADO,PRIVADO,URBANA,ABIERTA,MONOLINGUE,DOBLE,DIARIO(REGULAR),ALTA VERAPAZ,79521920
16-01-9991-46,16-031,ALTA VERAPAZ,COBAN,ASOCIACION DE MAESTROS DE EDUCACION RURAL DE GUATEMALA (AMERG),6TA. AVENIDA 1-27 ZONA 4,MERCEDES JOSEFINA TORRES GALVEZ,,DIVERSIFICADO,PRIVADO,RURAL,CERRADA TEMPORALMENTE,BILINGUE,DOBLE,FIN DE SEMANA,ALTA VERAPAZ,79520175
16-02-0013-46,16-006,ALTA VERAPAZ,SANTA CRUZ VERAPAZ,INSTITUTO NACIONAL DE EDUCACION DIVERSIFICADA,BARRIO SANTA ELENA,EFRAIN CAAL CUC,ERIK ROBERTO CڠPOP,DIVERSIFICADO,OFICIAL,RURAL,ABIERTA,MONOLINGUE,VESPERTINA,DIARIO(REGULAR),ALTA VERAPAZ,57767683
16-02-0020-46,16-006,ALTA VERAPAZ,SANTA CRUZ VERAPAZ,LICEO SANTA CRUZ,"CALLE 3 DE MAYO 2-67 ZONA 2, BARRIO SANTO TOMAS",EFRAIN CAAL CUC,AUGUSTO ALEXANDER RAX RODR͇UEZ,DIVERSIFICADO,PRIVADO,URBANA,ABIERTA,MONOLINGUE,VESPERTINA,DIARIO(REGULAR),ALTA VERAPAZ,50161328
16-02-0053-46,16-006,ALTA VERAPAZ,SANTA CRUZ VERAPAZ,COLEGIO FUTURO AMANECER,"CALLE 3 DE MAYO 2-70, ZONA 1",EFRAIN CAAL CUC,BLANCA FLORIDALMA QUEJ CHIQUIN,DIVERSIFICADO,PRIVADO,URBANA,CERRADA TEMPORALMENTE,MONOLINGUE,SIN JORNADA,SEMIPRESENCIAL (FIN DE SEMANA),ALTA VERAPAZ,59984909
16-02-0055-46,16-006,ALTA VERAPAZ,SANTA CRUZ VERAPAZ,LICEO SANTA CRUZ,"CALLE 3 DE MAYO 2-67, BARRIO SANTO TOMAS",EFRAIN CAAL CUC,AUGUSTO ALEXANDER RAX RODR͇UEZ,DIVERSIFICADO,PRIVADO,URBANA,ABIERTA,MONOLINGUE,SIN JORNADA,SEMIPRESENCIAL (FIN DE SEMANA),ALTA VERAPAZ,42035694
16-03-0036-46,16-053,ALTA VERAPAZ,SAN CRISTOBAL VERAPAZ,INSTITUTO NACIONAL DE EDUCACION DIVERSIFICADA,BARRIO CHIYUC,ROBERTO DE JESUS LOPEZ ALVAREZ,EDY ROLANDO JOM COY,DIVERSIFICADO,OFICIAL,RURAL,ABIERTA,MONOLINGUE,VESPERTINA,DIARIO(REGULAR),ALTA VERAPAZ,
16-03-0047-46,16-008,ALTA VERAPAZ,SAN CRISTOBAL VERAPAZ,LICEO SAN CRISTOBAL,"5A. CALLE 4-18 ZONA 1, BARRIO SANTA ANA, SAN CRISTӁAL VERAPAZ",OLGA MARINA BUC,DANILO COC POP,DIVERSIFICADO,PRIVADO,URBANA,ABIERTA,MONOLINGUE,DOBLE,FIN DE SEMANA,ALTA VERAPAZ,79504134
16-03-0056-46,16-008,ALTA VERAPAZ,SAN CRISTOBAL VERAPAZ,INSTITUTO TECNOLOGICO VOCACIONAL MARCO TULIO DE LA CRUZ MORALES,"2A. CALLE ZONA 4, BARRIO SAN FELIPE",OLGA MARINA BUC,RIGOBERTO HIGINIO SURAM JOM,DIVERSIFICADO,PRIVADO,URBANA,ABIERTA,MONOLINGUE,VESPERTINA,DIARIO(REGULAR),ALTA VERAPAZ,79504929
16-03-0076-46,16-008,ALTA VERAPAZ,SAN CRISTOBAL VERAPAZ,COLEGIO MIXTO CIENCIAS TECNOLӇICAS,3A. CALLE 0-43 ZONA 3 BARRIO SAN SEBASTIAN,OLGA MARINA BUC,CARLOS SALVATIERRA SANTOS,DIVERSIFICADO,PRIVADO,URBANA,CERRADA TEMPORALMENTE,MONOLINGUE,MATUTINA,DIARIO(REGULAR),ALTA VERAPAZ,44848051
16-03-0077-46,16-008,ALTA VERAPAZ,SAN CRISTOBAL VERAPAZ,COLEGIO MIXTO CIENCIAS TECNOLӇICAS,3A. CALLE 0-43 ZONA 3 BARRIO SAN SEBASTIAN,OLGA MARINA BUC,MASSENA OSWALDO SAGASTUME PORTOCARRERO,DIVERSIFICADO,PRIVADO,URBANA,ABIERTA,MONOLINGUE,VESPERTINA,DIARIO(REGULAR),ALTA VERAPAZ,32386711
16-03-0082-46,16-008,ALTA VERAPAZ,SAN CRISTOBAL VERAPAZ,COLEGIO MIXTO CIENCIAS TECNOLӇICAS,"3A. CALLE 0-43 ZONA 3, BARRIO SAN SEBASTIN",OLGA MARINA BUC,MARCO AUGUSTO JOM CAAL,DIVERSIFICADO,PRIVADO,URBANA,CERRADA TEMPORALMENTE,MONOLINGUE,MATUTINA,DIARIO(REGULAR),ALTA VERAPAZ,59070869
16-03-0083-46,16-008,ALTA VERAPAZ,SAN CRISTOBAL VERAPAZ,COLEGIO MIXTO CIENCIAS TECNOLӇICAS,"3A. CALLE 0-43 ZONA 3, BARRIO SAN SEBASTIN",OLGA MARINA BUC,MARCO AUGUSTO JOM CAAL,DIVERSIFICADO,PRIVADO,URBANA,CERRADA TEMPORALMENTE,MONOLINGUE,VESPERTINA,DIARIO(REGULAR),ALTA VERAPAZ,59070869
16-03-0087-46,16-008,ALTA VERAPAZ,SAN CRISTOBAL VERAPAZ,INSTITUTO NACIONAL DE EDUCACION DIVERSIFICADA CON ORIENTACION EN ARTES Y OFICIOS,CASER͏ PANTOCAN,OLGA MARINA BUC,JOEL DAVID LEM SURM,DIVERSIFICADO,OFICIAL,RURAL,ABIERTA,BILINGUE,MATUTINA,DIARIO(REGULAR),ALTA VERAPAZ,55288589
16-03-0088-46,16-008,ALTA VERAPAZ,SAN CRISTOBAL VERAPAZ,LICEO GALILEO GALILEI,"2A. CALLE, 2A. AVENIDA ZONA 3, BARRIO SAN SEBASTIAN",OLGA MARINA BUC,MARCO TULIO DE LA CRUZ MORALES,DIVERSIFICADO,PRIVADO,URBANA,CERRADA TEMPORALMENTE,MONOLINGUE,DOBLE,FIN DE SEMANA,ALTA VERAPAZ,45160662
16-03-0092-46,16-008,ALTA VERAPAZ,SAN CRISTOBAL VERAPAZ,LICEO DE CIENCIAS APLICADAS DR. CARLOS ALDANA MENDOZA,"4. AVENIDA, ENTRE O Y 1 CALLE ZONA 4, BARRIO SAN FELIPE",OLGA MARINA BUC,JUAN GABRIEL CAL SURM,DIVERSIFICADO,PRIVADO,URBANA,ABIERTA,MONOLINGUE,VESPERTINA,DIARIO(REGULAR),ALTA VERAPAZ,31479184
16-03-0093-46,16-008,ALTA VERAPAZ,SAN CRISTOBAL VERAPAZ,"INSTITUTO TECNOLOGICO VOCACIONAL ""MARCO TULIO DE LA CRUZ MORALES""","2A. CALLE 4-45 ZONA 4, BARRIO SAN FELIPE",OLGA MARINA BUC,RIGOBERTO HIGINIO SURAM JOM,DIVERSIFICADO,PRIVADO,URBANA,ABIERTA,MONOLINGUE,DOBLE,FIN DE SEMANA,ALTA VERAPAZ,79504929
16-03-0095-46,16-008,ALTA VERAPAZ,SAN CRISTOBAL VERAPAZ,COLEGIO MIXTO LA PUPILA DEL CIELO,"4A. CALLE A 2-17, ENCLAVADO ZONA 2, COLONIA PAN|/TD>",OLGA MARINA BUC,MARIO RENE CAL SUN,DIVERSIFICADO,PRIVADO,URBANA,ABIERTA,MONOLINGUE,VESPERTINA,DIARIO(REGULAR),ALTA VERAPAZ,33801345
16-03-0097-46,16-008,ALTA VERAPAZ,SAN CRISTOBAL VERAPAZ,COLEGIO MIXTO CIENCIAS TECNOLӇICAS,3A. CALLE 0-43 ZONA 3 BARRIO SAN SEBASTIAN,OLGA MARINA BUC,MASSENA OSWALDO SAGASTUME PORTOCARRERO,DIVERSIFICADO,PRIVADO,URBANA,ABIERTA,MONOLINGUE,DOBLE,FIN DE SEMANA,ALTA VERAPAZ,77923223
16-03-0104-46,16-008,ALTA VERAPAZ,SAN CRISTOBAL VERAPAZ,LICEO DE CIENCIAS APLICADAS DR. CARLOS ALDANA MENDOZA,"4. AVENIDA, ENTRE O Y 1 CALLE ZONA 4, BARRIO SAN FELIPE",OLGA MARINA BUC,DELMY DAMARIZ CHOC LӐEZ,DIVERSIFICADO,PRIVADO,URBANA,ABIERTA,MONOLINGUE,MATUTINA,FIN DE SEMANA,ALTA VERAPAZ,79504090
16-03-0105-46,16-008,ALTA VERAPAZ,SAN CRISTOBAL VERAPAZ,LICEO DE CIENCIAS APLICADAS DR. CARLOS ALDANA MENDOZA,"4. AVENIDA, ENTRE O Y 1 CALLE ZONA 4, BARRIO SAN FELIPE",OLGA MARINA BUC,JUAN GABRIEL CAL SURM,DIVERSIFICADO,PRIVADO,URBANA,ABIERTA,MONOLINGUE,DOBLE,FIN DE SEMANA,ALTA VERAPAZ,79504090
16-03-0106-46,16-008,ALTA VERAPAZ,SAN CRISTOBAL VERAPAZ,LICEO DE CIENCIAS APLICADAS DR. CARLOS ALDANA MENDOZA,"4. AVENIDA, ENTRE O Y 1 CALLE ZONA 4, BARRIO SAN FELIPE",OLGA MARINA BUC,JUAN GABRIEL CAL SURM,DIVERSIFICADO,PRIVADO,URBANA,ABIERTA,MONOLINGUE,DOBLE,DIARIO(REGULAR),ALTA VERAPAZ,79504090
16-03-0108-46,16-008,ALTA VERAPAZ,SAN CRISTOBAL VERAPAZ,COLEGIO MIXTO CIENCIAS TECNOLӇICAS,"3A. CALLE 0-43 ZONA 3, BARRIO SAN SEBASTIN",OLGA MARINA BUC,MASSENA OSWALDO SAGASTUME PORTOCARRERO,DIVERSIFICADO,PRIVADO,URBANA,CERRADA TEMPORALMENTE,MONOLINGUE,MATUTINA,FIN DE SEMANA,ALTA VERAPAZ,77923223
16-03-0109-46,16-008,ALTA VERAPAZ,SAN CRISTOBAL VERAPAZ,COLEGIO MIXTO CIENCIAS TECNOLӇICAS,"3A. CALLE 0-43 ZONA 3, BARRIO SAN SEBASTIN",OLGA MARINA BUC,MYNOR WALTER JOM COY,DIVERSIFICADO,PRIVADO,URBANA,CERRADA TEMPORALMENTE,MONOLINGUE,NOCTURNA,DIARIO(REGULAR),ALTA VERAPAZ,77923223
16-03-0110-46,16-008,ALTA VERAPAZ,SAN CRISTOBAL VERAPAZ,LICEO GALILEO GALILEI,"2A. CALLE, 2A. AVENIDA ZONA 3, BARRIO SAN SEBASTIAN",OLGA MARINA BUC,MARIA ANGELICA GOMEZ CHAVEZ,DIVERSIFICADO,PRIVADO,URBANA,ABIERTA,MONOLINGUE,DOBLE,DIARIO(REGULAR),ALTA VERAPAZ,79504337
16-03-0139-46,16-008,ALTA VERAPAZ,SAN CRISTOBAL VERAPAZ,"INSTITUTO TECNOLӇICO VOCACIONAL ""MARCO TULIO DE LA CRUZ MORALES""","2A. CALLE 4-45 ZONA 4, BARRIO SAN FELIPE",OLGA MARINA BUC,RIGOBERTO HIGINIO SURAM JOM,DIVERSIFICADO,PRIVADO,URBANA,ABIERTA,MONOLINGUE,SIN JORNADA,SEMIPRESENCIAL (FIN DE SEMANA),ALTA VERAPAZ,79504929
16-03-0158-46,16-050,ALTA VERAPAZ,SAN CRISTOBAL VERAPAZ,CENTRO DE EDUCACIӍ EXTRAESCOLAR -CEEX-,COLONIA PANTOCN,MAXIMILIANO CHUB ICAL,SARA FLORIDALMA CڠTIUL,DIVERSIFICADO,PRIVADO,RURAL,ABIERTA,BILINGUE,DOBLE,SEMIPRESENCIAL,ALTA VERAPAZ,46280307
16-03-0243-46,16-008,ALTA VERAPAZ,SAN CRISTOBAL VERAPAZ,COLEGIO MIXTO CIENCIAS TECNOLOGICAS,"3A. CALLE 0-43 ZONA 3, BARRIO SAN SEBASTIAN",OLGA MARINA BUC,MASSENA OSWALDO SAGASTUME PORTOCARRERO,DIVERSIFICADO,PRIVADO,URBANA,ABIERTA,MONOLINGUE,SIN JORNADA,SEMIPRESENCIAL (FIN DE SEMANA),ALTA VERAPAZ,41705134
16-03-0245-46,16-008,ALTA VERAPAZ,SAN CRISTOBAL VERAPAZ,LICEO DE CIENCIAS APLICADAS DR. CARLOS ALDANA MENDOZA,"4A. AVENIDA, ENTRE 0 Y 1 CALLE ZONA 4, BARRIO SAN FELIPE",OLGA MARINA BUC,DELMY DAMARIZ CHOC LӐEZ,DIVERSIFICADO,PRIVADO,URBANA,ABIERTA,MONOLINGUE,SIN JORNADA,SEMIPRESENCIAL (FIN DE SEMANA),ALTA VERAPAZ,31479184
16-03-0247-46,16-008,ALTA VERAPAZ,SAN CRISTOBAL VERAPAZ,LICEO GALILEO GALILEI,"2A. CALLE 2A. AVENIDA ZONA 3, BARRIO SAN SEBASTIAN",OLGA MARINA BUC,MARIA ANGELICA GOMEZ CHAVEZ,DIVERSIFICADO,PRIVADO,URBANA,ABIERTA,MONOLINGUE,SIN JORNADA,SEMIPRESENCIAL (FIN DE SEMANA),ALTA VERAPAZ,45160622
16-03-0259-46,16-008,ALTA VERAPAZ,SAN CRISTOBAL VERAPAZ,INSTITUTO TECNOLӇICO VOCACIONAL MARCO TULIO DE LA CRUZ MORALES,"2A. CALLE 4-45 ZONA 4, BARRIO SAN FELIPE",OLGA MARINA BUC,RIGOBERTO HIGINIO SURAM JOM,DIVERSIFICADO,PRIVADO,URBANA,ABIERTA,MONOLINGUE,MATUTINA,DIARIO(REGULAR),ALTA VERAPAZ,79504929
16-03-0262-46,16-008,ALTA VERAPAZ,SAN CRISTOBAL VERAPAZ,COLEGIO MIXTO LA PUPILA DEL CIELO,"4A. CALLE A 2-17, ENCLAVADO ZONA 2, COLONIA PAN|/TD>",OLGA MARINA BUC,MARIO RENE CAL SUN,DIVERSIFICADO,PRIVADO,URBANA,ABIERTA,MONOLINGUE,SIN JORNADA,SEMIPRESENCIAL (FIN DE SEMANA),ALTA VERAPAZ,33801345
16-03-0263-46,16-008,ALTA VERAPAZ,SAN CRISTOBAL VERAPAZ,COLEGIO MIXTO LA PUPILA DEL CIELO,"4A. CALLE A 2-17, ENCLAVADO ZONA 2, COLONIA PAN|/TD>",OLGA MARINA BUC,MARIO RENE CAL SUN,DIVERSIFICADO,PRIVADO,URBANA,ABIERTA,MONOLINGUE,DOBLE,FIN DE SEMANA,ALTA VERAPAZ,33801345
16-03-0265-46,16-008,ALTA VERAPAZ,SAN CRISTOBAL VERAPAZ,LICEO SAN CRISTӁAL,"5A. CALLE 4-18 ZONA 1, BARRIO SANTA ANA",OLGA MARINA BUC,DANILO COC POP,DIVERSIFICADO,PRIVADO,URBANA,ABIERTA,MONOLINGUE,SIN JORNADA,SEMIPRESENCIAL (FIN DE SEMANA),ALTA VERAPAZ,57332422
16-03-0266-46,16-050,ALTA VERAPAZ,SAN CRISTOBAL VERAPAZ,CENTRO DE EDUCACIӍ EXTRAESCOLAR -CEEX-,CASER͏ CHILLEY,MAXIMILIANO CHUB ICAL,HENRY MANUEL HIDALGO SACB|/TD>,DIVERSIFICADO,OFICIAL,RURAL,ABIERTA,BILINGUE,DOBLE,DIARIO(REGULAR),ALTA VERAPAZ,45552665
16-03-1388-46,16-008,ALTA VERAPAZ,SAN CRISTOBAL VERAPAZ,COLEGIO 'MESON',8A. AVENIDA 6-00 ZONA 1,OLGA MARINA BUC,LUIS EMILIO SOLARES MARROQUIN,DIVERSIFICADO,PRIVADO,URBANA,ABIERTA,MONOLINGUE,MATUTINA,DIARIO(REGULAR),ALTA VERAPAZ,
16-03-1429-46,16-008,ALTA VERAPAZ,SAN CRISTOBAL VERAPAZ,LICEO GALILEO GALILEI,"2A. CALLE, 2A. AVENIDA ZONA 3, BARRIO SAN SEBASTIAN",OLGA MARINA BUC,MARIA ANGELICA GOMEZ CHAVEZ,DIVERSIFICADO,PRIVADO,URBANA,ABIERTA,MONOLINGUE,VESPERTINA,DIARIO(REGULAR),ALTA VERAPAZ,79504337
16-03-1520-46,16-008,ALTA VERAPAZ,SAN CRISTOBAL VERAPAZ,LICEO GALILEO GALILEI,"2A. CALLE, 2A. AVENIDA ZONA 3, BARRIO SAN SEBASTIAN",OLGA MARINA BUC,MARIA ANGELICA GOMEZ CHAVEZ,DIVERSIFICADO,PRIVADO,URBANA,ABIERTA,MONOLINGUE,DOBLE,FIN DE SEMANA,ALTA VERAPAZ,45160662
16-03-1607-46,16-008,ALTA VERAPAZ,SAN CRISTOBAL VERAPAZ,LICEO GALILEO GALILEI,1A. AVENIDA 3-62 ZONA 4 BARRIO SAN FELIPE,OLGA MARINA BUC,MARCO TULIO DE LA CRUZ MORALES,DIVERSIFICADO,PRIVADO,URBANA,CERRADA TEMPORALMENTE,MONOLINGUE,NOCTURNA,DIARIO(REGULAR),ALTA VERAPAZ,56377425
16-03-9884-46,16-008,ALTA VERAPAZ,SAN CRISTOBAL VERAPAZ,LICEO SAN CRISTOBAL,"5A. CALLE 4-18 ZONA 1, BARRIO SANTA ANA",OLGA MARINA BUC,DANILO COC POP,DIVERSIFICADO,PRIVADO,URBANA,ABIERTA,MONOLINGUE,VESPERTINA,DIARIO(REGULAR),ALTA VERAPAZ,79504134
16-03-9885-46,16-008,ALTA VERAPAZ,SAN CRISTOBAL VERAPAZ,LICEO SAN CRISTOBAL,"5A. CALLE 4-18 ZONA 1, BARRIO SANTA ANA",OLGA MARINA BUC,DANILO COC POP,DIVERSIFICADO,PRIVADO,URBANA,ABIERTA,MONOLINGUE,VESPERTINA,DIARIO(REGULAR),ALTA VERAPAZ,79504134
16-03-9886-46,16-008,ALTA VERAPAZ,SAN CRISTOBAL VERAPAZ,LICEO SAN CRISTOBAL,0 AVENIDA 1-71 ZONA 5 BARRIO SAN CRISTOBAL,OLGA MARINA BUC,GLADIS YOLANDA MORN LEM,DIVERSIFICADO,PRIVADO,URBANA,CERRADA TEMPORALMENTE,MONOLINGUE,MATUTINA,FIN DE SEMANA,ALTA VERAPAZ,79504134
16-04-0036-46,16-009,ALTA VERAPAZ,TACTIC,INSTITUTO AKALTIC,0 CALLE B OC-150 ZONA 4,WILSON EDWIN OSWALDO CAAL CHO,CONCHA DE PELAEZ,DIVERSIFICADO,PRIVADO,URBANA,CERRADA TEMPORALMENTE,BILINGUE,DOBLE,DIARIO(REGULAR),ALTA VERAPAZ,79539043
16-04-0041-46,16-011,ALTA VERAPAZ,TACTIC,COLEGIO PARTICULAR MIXTO BLAISE PASCAL,5A. AVENIDA 2-35 ZONA 1,JORGE ALBERTO CAAL BOL,GUILLERMO ALFREDO PORTOCARRERO,DIVERSIFICADO,PRIVADO,URBANA,CERRADA TEMPORALMENTE,MONOLINGUE,NOCTURNA,DIARIO(REGULAR),ALTA VERAPAZ,56294302
16-04-0042-46,16-009,ALTA VERAPAZ,TACTIC,COLEGIO CRISTIANO PARTICULAR MIXTO VIDA,"CANTON CHIJACORRAL, ZONA 7",WILSON EDWIN OSWALDO CAAL CHO,THELMA FLORIDALMA FERNNDEZ MOYA,DIVERSIFICADO,PRIVADO,URBANA,CERRADA TEMPORALMENTE,MONOLINGUE,VESPERTINA,DIARIO(REGULAR),ALTA VERAPAZ,79529275
16-04-0046-46,16-009,ALTA VERAPAZ,TACTIC,COLEGIO PARTICULAR MIXTO BLAISE PASCAL,"4A. CALLE 09-103, ZONA 1",WILSON EDWIN OSWALDO CAAL CHO,ROLANDO MACZ BAC,DIVERSIFICADO,PRIVADO,URBANA,ABIERTA,MONOLINGUE,DOBLE,FIN DE SEMANA,ALTA VERAPAZ,79539955
16-04-0049-46,16-009,ALTA VERAPAZ,TACTIC,INSTITUTO AKALTIC,0 CALLE B OC-150 ZONA 4,WILSON EDWIN OSWALDO CAAL CHO,ANA ELIZA PELEZ PONCE,DIVERSIFICADO,PRIVADO,URBANA,CERRADA TEMPORALMENTE,MONOLINGUE,DOBLE,FIN DE SEMANA,ALTA VERAPAZ,79539043
16-04-0050-46,16-009,ALTA VERAPAZ,TACTIC,INSTITUTO AKALTIC,"0 CALLE B OC-150, ZONA 4",WILSON EDWIN OSWALDO CAAL CHO,ANA ELIZA PELEZ PONCE,DIVERSIFICADO,PRIVADO,URBANA,ABIERTA,MONOLINGUE,MATUTINA,DIARIO(REGULAR),ALTA VERAPAZ,79539043
16-04-0062-46,16-009,ALTA VERAPAZ,TACTIC,INSTITUTO NACIONAL DE EDUCACION DIVERSIFICADA,CANTON CHIJACORRAL,WILSON EDWIN OSWALDO CAAL CHO,RUBɎ XICOL BAC,DIVERSIFICADO,OFICIAL,URBANA,ABIERTA,MONOLINGUE,MATUTINA,DIARIO(REGULAR),ALTA VERAPAZ,50443851
16-04-0064-46,16-009,ALTA VERAPAZ,TACTIC,COLEGIO NUESTRA SEЯRA DE LA ASUNCIӍ,"0 CALLE ""C"" 4-29 ZONA 4, BARRIO CHAMCHɼ/TD>",WILSON EDWIN OSWALDO CAAL CHO,MAŔ ANGɌICA CASTILLO MARTINEZ,DIVERSIFICADO,PRIVADO,URBANA,ABIERTA,MONOLINGUE,VESPERTINA,DIARIO(REGULAR),ALTA VERAPAZ,79529368
16-04-0068-46,16-009,ALTA VERAPAZ,TACTIC,COLEGIO CRISTIANO PARTICULAR MIXTO VIDA,"1A. AVENIDA 6-73 ZONA 7, CANTӍ CHIJACORRAL",WILSON EDWIN OSWALDO CAAL CHO,EVELIN MARISOL DONIS BIN,DIVERSIFICADO,PRIVADO,URBANA,ABIERTA,MONOLINGUE,DOBLE,DIARIO(REGULAR),ALTA VERAPAZ,79529275
16-04-0072-46,16-009,ALTA VERAPAZ,TACTIC,COLEGIO PRIVADO MIXTO LA ENSEСNZA,"12 AV. A 4-30, ZONA 3, BARRIO ASUNCION",WILSON EDWIN OSWALDO CAAL CHO,MAYRA MAGDALENA YAT CHON,DIVERSIFICADO,PRIVADO,URBANA,ABIERTA,MONOLINGUE,DOBLE,FIN DE SEMANA,ALTA VERAPAZ,79539069
16-04-0078-46,16-009,ALTA VERAPAZ,TACTIC,COLEGIO PRIVADO MIXTO LA ENSEСNZA,12 AVENIDA A 4-30 ZONA 3,WILSON EDWIN OSWALDO CAAL CHO,MAYRA MAGDALENA YAT CHON,DIVERSIFICADO,PRIVADO,URBANA,CERRADA TEMPORALMENTE,MONOLINGUE,DOBLE,FIN DE SEMANA,ALTA VERAPAZ,79539069
16-04-0079-46,16-009,ALTA VERAPAZ,TACTIC,COLEGIO NUESTRA SEЯRA DE LA ASUNCIӍ,"2A. AVE. 02-053 ZONA 2, BARRIO SAN JACINTO",WILSON EDWIN OSWALDO CAAL CHO,ALFONSO MENDEZ MRTIR,DIVERSIFICADO,PRIVADO,URBANA,CERRADA TEMPORALMENTE,MONOLINGUE,MATUTINA,FIN DE SEMANA,ALTA VERAPAZ,79529368
16-04-0080-46,16-009,ALTA VERAPAZ,TACTIC,COLEGIO NUESTRA SEЯRA DE LA ASUNCIӍ,"2A. AVE. 02-053 ZONA 2, BARRIO SAN JACINTO",WILSON EDWIN OSWALDO CAAL CHO,ALFONSO MENDEZ MRTIR,DIVERSIFICADO,PRIVADO,URBANA,CERRADA TEMPORALMENTE,MONOLINGUE,DOBLE,FIN DE SEMANA,ALTA VERAPAZ,79529368
16-04-0118-46,16-009,ALTA VERAPAZ,TACTIC,COLEGIO NUESTRA SEЯRA DE LA ASUNCION,"O CALLE ""C"" 4-29 ZONA 4, BARRIO CHAMCHE",WILSON EDWIN OSWALDO CAAL CHO,MARIA ANGELICA CSTILLO MARTINEZ,DIVERSIFICADO,PRIVADO,URBANA,CERRADA TEMPORALMENTE,MONOLINGUE,SIN JORNADA,SEMIPRESENCIAL (FIN DE SEMANA),ALTA VERAPAZ,54238753
16-04-0120-46,16-009,ALTA VERAPAZ,TACTIC,COLEGIO PARTICULAR MIXTO BLAISE PASCAL,"4A. CALLE 09-103, ZONA 1",WILSON EDWIN OSWALDO CAAL CHO,ROLANDO MACZ BAC,DIVERSIFICADO,PRIVADO,URBANA,ABIERTA,MONOLINGUE,SIN JORNADA,SEMIPRESENCIAL (FIN DE SEMANA),ALTA VERAPAZ,59984909
16-04-0122-46,16-009,ALTA VERAPAZ,TACTIC,COLEGIO PRIVADO MIXTO LA ENSEСNZA,"12A. AVENIDA ""A"" 4-30 ZONA 2, BARRIO ASUNCION",WILSON EDWIN OSWALDO CAAL CHO,MAYRA MAGDALENA YAT CHON,DIVERSIFICADO,PRIVADO,URBANA,ABIERTA,MONOLINGUE,SIN JORNADA,SEMIPRESENCIAL (FIN DE SEMANA),ALTA VERAPAZ,79539069
16-04-0124-46,16-009,ALTA VERAPAZ,TACTIC,INSTITUTO AKALTIC,"0 CALLE B OC-150, ZONA 4",WILSON EDWIN OSWALDO CAAL CHO,ANA ELIZA PELEZ PONCE,DIVERSIFICADO,PRIVADO,URBANA,ABIERTA,MONOLINGUE,SIN JORNADA,SEMIPRESENCIAL (FIN DE SEMANA),ALTA VERAPAZ,58536938
16-04-0128-46,16-009,ALTA VERAPAZ,TACTIC,COLEGIO PARTICULAR MIXTO BLAISE PASCAL,"4A. CALLE 09-103, ZONA 1",WILSON EDWIN OSWALDO CAAL CHO,ROLANDO MACZ BAC,DIVERSIFICADO,PRIVADO,URBANA,ABIERTA,MONOLINGUE,VESPERTINA,DIARIO(REGULAR),ALTA VERAPAZ,77565109
16-04-1233-46,16-009,ALTA VERAPAZ,TACTIC,COLEGIO PARTICULAR MIXTO BLAISE PASCAL,4A. AVENIDA 0 CALLE -176 ZONA 4,WILSON EDWIN OSWALDO CAAL CHO,CONCEPCIӍ ANALUĆ LӐEZ VIELMAN,DIVERSIFICADO,PRIVADO,URBANA,ABIERTA,MONOLINGUE,DOBLE,FIN DE SEMANA,ALTA VERAPAZ,79539955
16-04-1235-46,16-009,ALTA VERAPAZ,TACTIC,COLEGIO PARTICULAR MIXTO BLAISE PASCAL,"4A. CALLE 09-103, ZONA 1",WILSON EDWIN OSWALDO CAAL CHO,CLAUDIA NINETH DUBӍ CASTAХDA,DIVERSIFICADO,PRIVADO,URBANA,ABIERTA,MONOLINGUE,MATUTINA,DIARIO(REGULAR),ALTA VERAPAZ,79539955
16-04-1709-46,16-009,ALTA VERAPAZ,TACTIC,INSTITUTO PRIVADO MIXTO DE EDUCACION DIVERSIFICADA LICEO TACTIC JV,BARRIO ASUNCION,WILSON EDWIN OSWALDO CAAL CHO,,DIVERSIFICADO,PRIVADO,URBANA,TEMPORAL NOMBRAMIENTO,MONOLINGUE,VESPERTINA,DIARIO(REGULAR),ALTA VERAPAZ,
16-04-2308-46,16-009,ALTA VERAPAZ,TACTIC,INSTITUTO AKALTIC,"O CALLE B OC-150, ZONA 4.",WILSON EDWIN OSWALDO CAAL CHO,ANA ELIZA PELEZ PONCE,DIVERSIFICADO,PRIVADO,URBANA,ABIERTA,MONOLINGUE,VESPERTINA,DIARIO(REGULAR),ALTA VERAPAZ,79539043
16-04-8321-46,16-009,ALTA VERAPAZ,TACTIC,INSTITUTO AKALTIC,0 CALLE B OC 150 ZONA 4 DE LA VILLA DE TACTIC,WILSON EDWIN OSWALDO CAAL CHO,ANA ELIZA PELEZ PONCE,DIVERSIFICADO,PRIVADO,URBANA,ABIERTA,MONOLINGUE,DOBLE,FIN DE SEMANA,ALTA VERAPAZ,79539043
16-04-8322-46,16-009,ALTA VERAPAZ,TACTIC,COLEGIO PRIVADO MIXTO LA ENSEСNZA,12 AV. 4-30 ZONA 3,WILSON EDWIN OSWALDO CAAL CHO,MAYRA MAGDALENA YAT CHON,DIVERSIFICADO,PRIVADO,RURAL,ABIERTA,MONOLINGUE,VESPERTINA,DIARIO(REGULAR),ALTA VERAPAZ,79539069
16-04-8324-46,16-004,ALTA VERAPAZ,TACTIC,COLEGIO PRIVADO MIXTO LA ENSEСNZA,BARRIO LA ASUNCION DE LA VILLA DE TACTIC,ALFONZO SI XOL,,DIVERSIFICADO,PRIVADO,RURAL,CERRADA TEMPORALMENTE,MONOLINGUE,NOCTURNA,DIARIO(REGULAR),ALTA VERAPAZ,
16-04-9906-46,16-009,ALTA VERAPAZ,TACTIC,COLEGIO PRIVADO MIXTO LA ENSEСNZA,12 AV. A 4-30 ZONA 3,WILSON EDWIN OSWALDO CAAL CHO,MAYRA MAGDALENA YAT CHON,DIVERSIFICADO,PRIVADO,URBANA,ABIERTA,MONOLINGUE,DOBLE,DIARIO(REGULAR),ALTA VERAPAZ,79539069
16-05-0017-46,16-010,ALTA VERAPAZ,TAMAHU,INSTITUTO NACIONAL DE EDUCACION DIVERSIFICADA,TAMAHU,PATRICIO NAJARRO ASENCIO,CARMELINA ICӠMORN,DIVERSIFICADO,OFICIAL,URBANA,ABIERTA,MONOLINGUE,VESPERTINA,DIARIO(REGULAR),ALTA VERAPAZ,58034583
16-05-9091-46,16-010,ALTA VERAPAZ,TAMAHU,INSTITUTO MIXTO MUNICIPAL DE MAGISTERIO BILINGUE,BARRIO CENTRO,PATRICIO NAJARRO ASENCIO,ELISEO CH`CH|/TD>,DIVERSIFICADO,MUNICIPAL,URBANA,ABIERTA,BILINGUE,VESPERTINA,DIARIO(REGULAR),ALTA VERAPAZ,50615709
16-06-0090-46,16-011,ALTA VERAPAZ,SAN MIGUEL TUCURU,INSTITUTO NACIONAL DE EDUCACIӍ DIVERSIFICADA,BARRIO EL CENTRO,JORGE ALBERTO CAAL BOL,OSCAR ROMN XOC CӼ/TD>,DIVERSIFICADO,OFICIAL,URBANA,ABIERTA,BILINGUE,VESPERTINA,DIARIO(REGULAR),ALTA VERAPAZ,40232213
16-06-0103-46,16-046,ALTA VERAPAZ,SAN MIGUEL TUCURU,"CENTRO DE FORMACIӍ ACADɌICA, TECNOLӇICA Y OCUPACIONAL ""JACK & MARIE EITING""",LOTE NO. 42 CASER͏ NUEVA ESPERANZA,BENJAMIN JUC BOTZOC,GABRIELA ALEJANDRA URIZAR RUBIO,DIVERSIFICADO,PRIVADO,RURAL,ABIERTA,MONOLINGUE,MATUTINA,DIARIO(REGULAR),ALTA VERAPAZ,30647842
16-06-0104-46,16-046,ALTA VERAPAZ,SAN MIGUEL TUCURU,"CENTRO DE FORMACIӍ ACADɌICA, TECNOLӇICA Y OCUPACIONAL ""JACK & MARIE EITING""",LOTE NO. 42 CASER͏ NUEVA ESPERANZA,BENJAMIN JUC BOTZOC,GABRIELA ALEJANDRA URIZAR RUBIO,DIVERSIFICADO,PRIVADO,RURAL,ABIERTA,MONOLINGUE,DOBLE,FIN DE SEMANA,ALTA VERAPAZ,30647842
16-06-0106-46,16-046,ALTA VERAPAZ,SAN MIGUEL TUCURU,"CENTRO DE FORMACION ACADEMICA, TECNOLOGICA Y OCUPACIONAL ""JACK & MARIE EITING""","LOTE NO. 42, CASERIO NUEVA ESPERANZA",BENJAMIN JUC BOTZOC,GABRIELA ALEJANDRA URIZAR RUBIO,DIVERSIFICADO,PRIVADO,RURAL,ABIERTA,MONOLINGUE,VESPERTINA,DIARIO(REGULAR),ALTA VERAPAZ,30644784
16-06-0143-46,16-050,ALTA VERAPAZ,SAN MIGUEL TUCURU,CENTRO DE EDUCACIӍ EXTRAESCOLAR -CEEX-,CASER͏ NUEVA ESPERANZA,MAXIMILIANO CHUB ICAL,MIRIAM PATRICIA MAX TOC,DIVERSIFICADO,OFICIAL,RURAL,ABIERTA,BILINGUE,DOBLE,DIARIO(REGULAR),ALTA VERAPAZ,50437041
16-06-2398-46,16-011,ALTA VERAPAZ,SAN MIGUEL TUCURU,INSTITUTO PRIVADO MIXTO DE MAGISTERIO BILINGUE TUKUR,CANTON LA PLAYA,JORGE ALBERTO CAAL BOL,MIGUEL FERNANDO TUT LEMUS,DIVERSIFICADO,PRIVADO,URBANA,ABIERTA,MONOLINGUE,VESPERTINA,DIARIO(REGULAR),ALTA VERAPAZ,
16-07-0117-46,16-012,ALTA VERAPAZ,PANZOS,INSTITUTO NACIONAL DE EDUCACION DIVERSIFICADA,BARRIO SAN JUAN,MARIA ELENA PALMA MOLINA,HECTOR MAQUIM CAAL,DIVERSIFICADO,OFICIAL,RURAL,ABIERTA,MONOLINGUE,MATUTINA,DIARIO(REGULAR),ALTA VERAPAZ,57036563
16-07-0181-46,16-036,ALTA VERAPAZ,PANZOS,COLEGIO MIXTO MESOAMERICANO,"BARRIO EL CENTRO, ALDEA TELEMN",JOSE LUIS XI CUCUL,ARISTIDES EFREN LӐEZ GӍEZ,DIVERSIFICADO,PRIVADO,RURAL,ABIERTA,MONOLINGUE,VESPERTINA,DIARIO(REGULAR),ALTA VERAPAZ,48067726
16-07-0194-46,16-012,ALTA VERAPAZ,PANZOS,COLEGIO PRIVADO MIXTO JUAN AMOS COMENIO,BARRIO SAN SEBASTIAN,MARIA ELENA PALMA MOLINA,MARCELINO CAZ MUCڼ/TD>,DIVERSIFICADO,PRIVADO,RURAL,ABIERTA,MONOLINGUE,MATUTINA,DIARIO(REGULAR),ALTA VERAPAZ,40856113
16-07-0195-46,16-012,ALTA VERAPAZ,PANZOS,COLEGIO PRIVADO MIXTO JUAN AMOS COMENIO,BARRIO SAN SEBASTIAN,MARIA ELENA PALMA MOLINA,MARCELINO CAZ MUCڼ/TD>,DIVERSIFICADO,PRIVADO,RURAL,ABIERTA,MONOLINGUE,NOCTURNA,DIARIO(REGULAR),ALTA VERAPAZ,40856113
16-07-0196-46,16-036,ALTA VERAPAZ,PANZOS,COLEGIO MIXTO VALLE DEL POLOCHIC,"INSTALACIONES QUE OCUPA EL INSTITUTO DE EDUCACIӍ BSICA POR COOPERATIVA DE ENSEСNZA, ALDEA TELEMAN",JOSE LUIS XI CUCUL,JOEL ESTEBAN ZEPEDA CAAL,DIVERSIFICADO,PRIVADO,RURAL,CERRADA TEMPORALMENTE,MONOLINGUE,MATUTINA,FIN DE SEMANA,ALTA VERAPAZ,30449848
16-07-0197-46,16-036,ALTA VERAPAZ,PANZOS,COLEGIO MIXTO VALLE DEL POLOCHIC,"INSTALACIONES QUE OCUPA EL INSTITUTO DE EDUCACIӍ BSICA POR COOPERATIVA DE ENSEСNZA, ALDEA TELEMAN",JOSE LUIS XI CUCUL,JOEL ESTEBAN ZEPEDA CAAL,DIVERSIFICADO,PRIVADO,RURAL,ABIERTA,BILINGUE,DOBLE,FIN DE SEMANA,ALTA VERAPAZ,30498487
16-07-0206-46,16-012,ALTA VERAPAZ,PANZOS,COLEGIO PRIVADO LICEO POLOCHIC,ALDEA TELEMAN,MARIA ELENA PALMA MOLINA,HECTOR MAQUIM CAAL,DIVERSIFICADO,PRIVADO,RURAL,ABIERTA,MONOLINGUE,DOBLE,FIN DE SEMANA,ALTA VERAPAZ,53318658
16-07-0207-46,16-012,ALTA VERAPAZ,PANZOS,COLEGIO PRIVADO LICEO POLOCHIC,ALDEA TELEMAN,MARIA ELENA PALMA MOLINA,HECTOR MAQUIM CAAL,DIVERSIFICADO,PRIVADO,RURAL,CERRADA TEMPORALMENTE,MONOLINGUE,MATUTINA,DIARIO(REGULAR),ALTA VERAPAZ,57036563
16-07-0209-46,16-036,ALTA VERAPAZ,PANZOS,COLEGIO MIXTO MESOAMERICANO,ALDEA TELEMAN,JOSE LUIS XI CUCUL,ARISTIDES EFREN LӐEZ GӍEZ,DIVERSIFICADO,PRIVADO,URBANA,CERRADA TEMPORALMENTE,MONOLINGUE,MATUTINA,FIN DE SEMANA,ALTA VERAPAZ,37311196
16-07-0211-46,16-050,ALTA VERAPAZ,PANZOS,CENTRO DE EDUCACIӍ EXTRAESCOLAR -CEEX-,"BARRIO LA ESCUELA, TELEMAN",MAXIMILIANO CHUB ICAL,AUGUSTO XOL XOL,DIVERSIFICADO,PRIVADO,RURAL,ABIERTA,BILINGUE,DOBLE,SEMIPRESENCIAL,ALTA VERAPAZ,32945952
16-07-0213-46,16-012,ALTA VERAPAZ,PANZOS,COLEGIO PRIVADO LICEO POLOCHIC,ALDEA TELEMAN,MARIA ELENA PALMA MOLINA,HECTOR MAQUIM CAAL,DIVERSIFICADO,PRIVADO,RURAL,ABIERTA,MONOLINGUE,SIN JORNADA,SEMIPRESENCIAL (FIN DE SEMANA),ALTA VERAPAZ,53318658
16-07-0214-46,16-036,ALTA VERAPAZ,PANZOS,COLEGIO MIXTO VALLE DEL POLOCHIC,"INSTALACIONES DEL INSTITUTO DE EDUCACION BASICA POR COOPERATIVA DE ENSEСNZA, ALDEA TELEMAN",JOSE LUIS XI CUCUL,JOEL ESTEBAN ZEPEDA CAAL,DIVERSIFICADO,PRIVADO,RURAL,ABIERTA,MONOLINGUE,SIN JORNADA,SEMIPRESENCIAL (FIN DE SEMANA),ALTA VERAPAZ,30498487
16-07-0215-46,16-036,ALTA VERAPAZ,PANZOS,COLEGIO PRIVADO MIXTO SAGRADO CORAZӍ DEL POLOCHIC,"BARRIO LA ESCUELA, ALDEA TELEMAN",JOSE LUIS XI CUCUL,REYNA AZUCENA CHINCHILLA TIUL,DIVERSIFICADO,PRIVADO,RURAL,ABIERTA,MONOLINGUE,VESPERTINA,DIARIO(REGULAR),ALTA VERAPAZ,33712014
16-07-0216-46,16-036,ALTA VERAPAZ,PANZOS,COLEGIO PRIVADO MIXTO SAGRADO CORAZӍ DEL POLOCHIC,"BARRIO LA ESCUELA, ALDEA TELEMAN",JOSE LUIS XI CUCUL,REYNA AZUCENA CHINCHILLA TIUL,DIVERSIFICADO,PRIVADO,RURAL,ABIERTA,MONOLINGUE,DOBLE,FIN DE SEMANA,ALTA VERAPAZ,33712014
16-07-0217-46,16-036,ALTA VERAPAZ,PANZOS,COLEGIO PRIVADO MIXTO SAGRADO CORAZӍ DEL POLOCHIC,"BARRIO LA ESCUELA, ALDEA TELEMAN",JOSE LUIS XI CUCUL,REYNA AZUCENA CHINCHILLA TIUL,DIVERSIFICADO,PRIVADO,RURAL,ABIERTA,MONOLINGUE,SIN JORNADA,SEMIPRESENCIAL (FIN DE SEMANA),ALTA VERAPAZ,33712014
16-07-0221-46,16-012,ALTA VERAPAZ,PANZOS,LICEO TECNOLӇICO CAHABONCITO -LITEC-,ALDEA CAHABONCITO,MARIA ELENA PALMA MOLINA,ARISTIDES EFREN LӐEZ GӍEZ,DIVERSIFICADO,PRIVADO,RURAL,ABIERTA,MONOLINGUE,DOBLE,FIN DE SEMANA,ALTA VERAPAZ,37311196
16-07-9096-46,16-012,ALTA VERAPAZ,PANZOS,COLEGIO PRIVADO MIXTO JUAN AMOS COMENIO,BARRIO SAN SEBASTIAN,MARIA ELENA PALMA MOLINA,MARCELINO CAZ MUCڼ/TD>,DIVERSIFICADO,PRIVADO,RURAL,ABIERTA,MONOLINGUE,VESPERTINA,DIARIO(REGULAR),ALTA VERAPAZ,40856113
16-07-9103-46,16-036,ALTA VERAPAZ,PANZOS,CENTRO EDUCATIVO SAN MARTIN DE PORRES,ALDEA TELEMAN,JOSE LUIS XI CUCUL,ESTɆANA TIX YAC,DIVERSIFICADO,PRIVADO,RURAL,ABIERTA,BILINGUE,VESPERTINA,DIARIO(REGULAR),ALTA VERAPAZ,32073601
16-07-9639-46,16-012,ALTA VERAPAZ,PANZOS,INSTITUTO PRIVADO MIXTO PRIMARIA BILINGUE AJ KUTUNEL,BARRIO EL MAU,MARIA ELENA PALMA MOLINA,JOSƓDANIEL BUENAFƓCAAL,DIVERSIFICADO,PRIVADO,URBANA,ABIERTA,BILINGUE,VESPERTINA,DIARIO(REGULAR),ALTA VERAPAZ,50673199
16-08-0182-46,16-007,ALTA VERAPAZ,SENAHU,INSTITUTO MIXTO DE EDUCACION BILINGUE INTERCULTURAL -IMEBI-,COLONIA 30 DE MAYO,ARMANDO AUDILIO POP CUCUL,JORGE ERWIN CUCUL QUIB,DIVERSIFICADO,PRIVADO,URBANA,CERRADA TEMPORALMENTE,BILINGUE,DOBLE,FIN DE SEMANA,ALTA VERAPAZ,40408287
16-08-0183-46,16-013,ALTA VERAPAZ,SENAHU,CENTRO EDUCATIVO SAN MATEO,BARRIO SAN ANTONIO,OSCAR ANIBAL GARCIA HUMBLERS,CELIA EMPERATRIZ BUENAFƓCUZ,DIVERSIFICADO,PRIVADO,URBANA,ABIERTA,MONOLINGUE,MATUTINA,DIARIO(REGULAR),ALTA VERAPAZ,30895016
16-08-0199-46,16-041,ALTA VERAPAZ,SENAHU,INSTITUTO NACIONAL DE EDUCACIӍ DIVERSIFICADA,COMUNIDAD LA MONTAХSA,ABNER DAVID CHIQUN TURCIOS,MAYNOR ESAU TZI ICAL,DIVERSIFICADO,OFICIAL,RURAL,ABIERTA,BILINGUE,VESPERTINA,DIARIO(REGULAR),ALTA VERAPAZ,79510080
16-08-0204-46,16-042,ALTA VERAPAZ,SENAHU,INSTITUTO NACIONAL DE EDUCACION DIVERSIFICADA,COOPERATIVA CHIREAJ,JORGE ERWIN CUCUL QUIB,DAVID CHOC CHUB,DIVERSIFICADO,OFICIAL,RURAL,ABIERTA,BILINGUE,VESPERTINA,DIARIO(REGULAR),ALTA VERAPAZ,58061143
16-08-0205-46,16-040,ALTA VERAPAZ,SENAHU,INSTITUTO NACIONAL DE EDUCACION DIVERSIFICADA,COOPERATIVA SANTA MARIA SAN MARCOS,DULLIER CLEMENTE BOL BAC,ALVARO WALDEMAR POP SACRAB,DIVERSIFICADO,OFICIAL,RURAL,ABIERTA,BILINGUE,VESPERTINA,DIARIO(REGULAR),ALTA VERAPAZ,53800001
16-08-0206-46,16-040,ALTA VERAPAZ,SENAHU,INSTITUTO NACIONAL DE EDUCACION DIVERSIFICADA,COOPERATIVA ACTELA,DULLIER CLEMENTE BOL BAC,LZARO JONATAN CAL QUIB,DIVERSIFICADO,OFICIAL,RURAL,ABIERTA,BILINGUE,VESPERTINA,DIARIO(REGULAR),ALTA VERAPAZ,33000059
16-08-0207-46,16-042,ALTA VERAPAZ,SENAHU,INSTITUTO NACIONAL DE EDUCACION DIVERSIFICADA,ALDEA YALIJUX,JORGE ERWIN CUCUL QUIB,RICARDO ANTONIO CAAL CAAL,DIVERSIFICADO,OFICIAL,RURAL,ABIERTA,BILINGUE,VESPERTINA,DIARIO(REGULAR),ALTA VERAPAZ,31977089
16-08-0208-46,16-013,ALTA VERAPAZ,SENAHU,INSTITUTO NACIONAL DE EDUCACION DIVERSIFICADA,BARRIO EL CENTRO,OSCAR ANIBAL GARCIA HUMBLERS,DENNY ESTUARDO BUECHSEL ROSS,DIVERSIFICADO,OFICIAL,URBANA,ABIERTA,BILINGUE,VESPERTINA,DIARIO(REGULAR),ALTA VERAPAZ,48939361
16-08-0209-46,16-042,ALTA VERAPAZ,SENAHU,INSTITUTO NACIONAL DE EDUCACION DIVERSIFICADA,COOPERATIVA SEMARAC I,JORGE ERWIN CUCUL QUIB,JOSƓANGEL COY XӋ,DIVERSIFICADO,OFICIAL,RURAL,ABIERTA,BILINGUE,VESPERTINA,DIARIO(REGULAR),ALTA VERAPAZ,49630930
16-08-0216-46,16-050,ALTA VERAPAZ,SENAHU,CENTRO DE EDUCACIӍ EXTRAESCOLAR,SENAHڼ/TD>,MAXIMILIANO CHUB ICAL,ALEX GEOVANI JAVIER QUIM TIUL,DIVERSIFICADO,OFICIAL,RURAL,ABIERTA,BILINGUE,DOBLE,SEMIPRESENCIAL,ALTA VERAPAZ,49080250
16-08-0218-46,16-013,ALTA VERAPAZ,SENAHU,"CENTRO DE ESTUDIOS PREUNIVERSITARIO CAHABӍ-SENAHڠ""CEPREC SENAHڢ",BARRIO LA PROVIDENCIA,OSCAR ANIBAL GARCIA HUMBLERS,SERGIO JAIRON CUCUL QUIB,DIVERSIFICADO,PRIVADO,URBANA,ABIERTA,MONOLINGUE,VESPERTINA,DIARIO(REGULAR),ALTA VERAPAZ,45353648
16-08-0220-46,16-013,ALTA VERAPAZ,SENAHU,"CENTRO DE ESTUDIOS PREUNIVERSITARIO CAHABӍ-SENAHڠ""CEPREC SENAHڢ",BARRIO LA PROVIDENCIA,OSCAR ANIBAL GARCIA HUMBLERS,SERGIO JAIRON CUCUL QUIB,DIVERSIFICADO,PRIVADO,URBANA,ABIERTA,MONOLINGUE,SIN JORNADA,SEMIPRESENCIAL (FIN DE SEMANA),ALTA VERAPAZ,45353648
16-08-0223-46,16-013,ALTA VERAPAZ,SENAHU,COLEGIO PARTICULAR MIXTO DEL VALLE,BARRIO LA VEGA,OSCAR ANIBAL GARCIA HUMBLERS,ANA LUCIA REICHE PEREZ,DIVERSIFICADO,PRIVADO,URBANA,ABIERTA,MONOLINGUE,SIN JORNADA,SEMIPRESENCIAL (FIN DE SEMANA),ALTA VERAPAZ,33921275
16-08-0224-46,16-013,ALTA VERAPAZ,SENAHU,COLEGIO PARTICULAR MIXTO DEL VALLE,BARRIO LA VEGA,OSCAR ANIBAL GARCIA HUMBLERS,ANA LUCIA REICHE PEREZ,DIVERSIFICADO,PRIVADO,URBANA,ABIERTA,MONOLINGUE,MATUTINA,DIARIO(REGULAR),ALTA VERAPAZ,33921275
16-08-0225-46,16-013,ALTA VERAPAZ,SENAHU,COLEGIO PARTICULAR MIXTO DEL VALLE,BARRIO LA VEGA,OSCAR ANIBAL GARCIA HUMBLERS,ANA LUCIA REICHE PEREZ,DIVERSIFICADO,PRIVADO,URBANA,ABIERTA,MONOLINGUE,VESPERTINA,DIARIO(REGULAR),ALTA VERAPAZ,33921275
16-08-1583-46,16-013,ALTA VERAPAZ,SENAHU,INSTITUTO PRIVADO MIXTO DE MAGISTERIO BILINGUE NAUQ,BARRIO CENTRO,OSCAR ANIBAL GARCIA HUMBLERS,ANA LUCIA REICHE PEREZ,DIVERSIFICADO,PRIVADO,URBANA,ABIERTA,BILINGUE,VESPERTINA,DIARIO(REGULAR),ALTA VERAPAZ,49759554
16-08-8292-46,16-013,ALTA VERAPAZ,SENAHU,INSTITUTO PRIVADO MIXTO DE FORMACION MAGISTERIAL CON ORIENTACION BILINGUE,BARRIO EL CENTRO,OSCAR ANIBAL GARCIA HUMBLERS,,DIVERSIFICADO,PRIVADO,URBANA,CERRADA TEMPORALMENTE,MONOLINGUE,VESPERTINA,DIARIO(REGULAR),ALTA VERAPAZ,
16-09-0007-46,16-015,ALTA VERAPAZ,SAN PEDRO CARCHA,CENTRO EDUCATIVO NUEVA VIDA,8A. CALLE 4-47 ZONA 4,OSCAR RENE VENTURA ZAC,JUAN RAX,DIVERSIFICADO,PRIVADO,RURAL,ABIERTA,MONOLINGUE,VESPERTINA,DIARIO(REGULAR),ALTA VERAPAZ,
16-09-0386-46,16-018,ALTA VERAPAZ,SAN PEDRO CARCHA,INSTITUTO NACIONAL DE EDUCACION DIVERSIFICADA,ALDEA CAMPUR,EDWIN OTONIEL CUCUL CHOC,JOSEFINA CHOC CUZ,DIVERSIFICADO,OFICIAL,RURAL,ABIERTA,MONOLINGUE,VESPERTINA,DIARIO(REGULAR),ALTA VERAPAZ,55245770
16-09-0717-46,16-015,ALTA VERAPAZ,SAN PEDRO CARCHA,INSTITUTO ADOLFO V. HALL DEL NORTE,"3A. CALLE ""A"" 3-68 ZONA 4, BARRIO BELLA VISTA",OSCAR RENE VENTURA ZAC,HERBERTH HAROLDO BELTETON CHIQUIN,DIVERSIFICADO,OFICIAL,URBANA,ABIERTA,MONOLINGUE,DOBLE,DIARIO(REGULAR),ALTA VERAPAZ,79516463
16-09-0720-46,16-015,ALTA VERAPAZ,SAN PEDRO CARCHA,INSTITUTO TECNICO DIVERSIFICADO DE BACHILLERATO EN CONSTRUCCION,5A CALLE FINAL ZONA 1,OSCAR RENE VENTURA ZAC,ANGEL GUSTAVO RIVERA ARGUETA,DIVERSIFICADO,OFICIAL,URBANA,ABIERTA,MONOLINGUE,VESPERTINA,DIARIO(REGULAR),ALTA VERAPAZ,79515766
16-09-0721-46,16-015,ALTA VERAPAZ,SAN PEDRO CARCHA,"COLEGIO ""STHELLA DE HERNANDEZ""",DIAGONAL 2 10-73 ZONA 2 BARRIO SAN PABLO,OSCAR RENE VENTURA ZAC,ORLEY EDWIN MELɎDEZ ROSALES,DIVERSIFICADO,PRIVADO,URBANA,CERRADA TEMPORALMENTE,MONOLINGUE,NOCTURNA,DIARIO(REGULAR),ALTA VERAPAZ,79516876
16-09-0742-46,16-015,ALTA VERAPAZ,SAN PEDRO CARCHA,"LICEO ""SAN PABLO""",8A. AVENIDA 4-47,OSCAR RENE VENTURA ZAC,WILMA CONCEPCION DE LEON,DIVERSIFICADO,PRIVADO,URBANA,CERRADA TEMPORALMENTE,MONOLINGUE,DOBLE,FIN DE SEMANA,ALTA VERAPAZ,
16-09-0748-46,16-015,ALTA VERAPAZ,SAN PEDRO CARCHA,LICEO INTERCULTURAL VERAPACENSE,8A. CALLE 4-47 ZONA 4,OSCAR RENE VENTURA ZAC,YOSELIN YESENIA CHOCӍ TZALAM,DIVERSIFICADO,PRIVADO,URBANA,CERRADA TEMPORALMENTE,MONOLINGUE,DOBLE,FIN DE SEMANA,ALTA VERAPAZ,77250339
16-09-0756-46,16-015,ALTA VERAPAZ,SAN PEDRO CARCHA,COLEGIO STHELLA DE HERNANDEZ,"DIAGONAL 2 10-73, ZONA 2",OSCAR RENE VENTURA ZAC,ORLEY EDWIN MELɎDEZ ROSALES,DIVERSIFICADO,PRIVADO,URBANA,ABIERTA,MONOLINGUE,MATUTINA,DIARIO(REGULAR),ALTA VERAPAZ,79516876
16-09-0760-46,16-015,ALTA VERAPAZ,SAN PEDRO CARCHA,LICEO INTERCULTURAL VERAPACENSE,8A. CALLE 4-47 ZONA 4,OSCAR RENE VENTURA ZAC,YOSELIN YESENIA CHOCӍ TZALAM,DIVERSIFICADO,PRIVADO,URBANA,ABIERTA,MONOLINGUE,DOBLE,FIN DE SEMANA,ALTA VERAPAZ,79516795
16-09-0763-46,16-018,ALTA VERAPAZ,SAN PEDRO CARCHA,INSTITUTO MIXTO DE EDUCACION BILINGUE INTERCULTURAL -IMEBI-,ALDEA CAMPUR,EDWIN OTONIEL CUCUL CHOC,ESTEBAN JOSE AX CAAL,DIVERSIFICADO,PRIVADO,RURAL,ABIERTA,BILINGUE,DOBLE,FIN DE SEMANA,ALTA VERAPAZ,79514189
16-09-0796-46,16-017,ALTA VERAPAZ,SAN PEDRO CARCHA,INSTITUTO NACIONAL DE EDUCACION DIVERSIFICADA,ALDEA CAQUIGUAL,CESAR RIGOBERTO CUC CAAL,CARLOS ENRIQUE CHӍ CAAL,DIVERSIFICADO,OFICIAL,RURAL,ABIERTA,MONOLINGUE,VESPERTINA,DIARIO(REGULAR),ALTA VERAPAZ,58138051
16-09-0806-46,16-018,ALTA VERAPAZ,SAN PEDRO CARCHA,COLEGIO PARTICULAR MIXTO SAN JOSɼ/TD>,ALDEA CAMPUR,EDWIN OTONIEL CUCUL CHOC,MIGUEL ANGEL FLORES CASTELLANOS,DIVERSIFICADO,PRIVADO,RURAL,CERRADA TEMPORALMENTE,MONOLINGUE,DOBLE,FIN DE SEMANA,ALTA VERAPAZ,47800170
16-09-0812-46,16-015,ALTA VERAPAZ,SAN PEDRO CARCHA,COLEGIO STHELLA DE HERNNDEZ,"DIAGONAL 2 10-73 ZONA 2, BARRIO SAN PABLO",OSCAR RENE VENTURA ZAC,ORLEY EDWIN MELɎDEZ ROSALES,DIVERSIFICADO,PRIVADO,URBANA,ABIERTA,MONOLINGUE,DOBLE,DIARIO(REGULAR),ALTA VERAPAZ,79516876
16-09-0820-46,16-015,ALTA VERAPAZ,SAN PEDRO CARCHA,INSTITUTO NACIONAL DE EDUCACION DIVERSIFICADA,ALDEA CHIQUIXJI,OSCAR RENE VENTURA ZAC,ANGɌICA VIOLETA TIڠAGUARɼ/TD>,DIVERSIFICADO,OFICIAL,RURAL,ABIERTA,MONOLINGUE,VESPERTINA,DIARIO(REGULAR),ALTA VERAPAZ,42809114
16-09-0827-46,16-016,ALTA VERAPAZ,SAN PEDRO CARCHA,INSTITUTO NACIONAL DE EDUCACIӍ DIVERSIFICADA,ALDEA SACRAB,BERTHA ELENA POP HO,HEIDY KARINA POP MEJ́,DIVERSIFICADO,OFICIAL,RURAL,ABIERTA,BILINGUE,MATUTINA,DIARIO(REGULAR),ALTA VERAPAZ,44927951
16-09-0828-46,16-015,ALTA VERAPAZ,SAN PEDRO CARCHA,INSTITUTO DE EDUCACIӍ BSICA BILINGUE INTERCULTURAL LA TRINIDAD,"2A. CALLE 3-24 ZONA 7, COLONIA SANTO DOMINGO",OSCAR RENE VENTURA ZAC,AGUSTIN PELICӠPⱰEZ,DIVERSIFICADO,PRIVADO,URBANA,ABIERTA,BILINGUE,DOBLE,FIN DE SEMANA,ALTA VERAPAZ,51591871
16-09-0829-46,16-015,ALTA VERAPAZ,SAN PEDRO CARCHA,"INSTITUTO DE EDUCACIӍ BSICA BILINGUE INTERCULTURAL ""LA TRINIDAD""","2A. CALLE 3-24 ZONA 7, COLONIA SANTO DOMINGO",OSCAR RENE VENTURA ZAC,AGUSTIN PELICӠPⱰEZ,DIVERSIFICADO,PRIVADO,URBANA,CERRADA TEMPORALMENTE,BILINGUE,MATUTINA,FIN DE SEMANA,ALTA VERAPAZ,51591871
16-09-0830-46,16-015,ALTA VERAPAZ,SAN PEDRO CARCHA,INSTITUTO TECNICO DIVERSIFICADO DE BACHILLERATO EN CONSTRUCCION,5A CALLE FINAL ZONA 1,OSCAR RENE VENTURA ZAC,ANGEL GUSTAVO RIVERA ARGUETA,DIVERSIFICADO,OFICIAL,URBANA,ABIERTA,MONOLINGUE,DOBLE,DIARIO(REGULAR),ALTA VERAPAZ,44457071
16-09-0834-46,16-015,ALTA VERAPAZ,SAN PEDRO CARCHA,LICEO DE SUPERACIӍ A DISTANCIA VERAPACENSE,"RESIDENCIALES RAXPEC, SECTOR CHAJUCH LOTE NڍERO 17",OSCAR RENE VENTURA ZAC,ENRIQUE CHE TUX,DIVERSIFICADO,PRIVADO,URBANA,ABIERTA,BILINGUE,DOBLE,A DISTANCIA,ALTA VERAPAZ,77250339
16-09-0837-46,16-016,ALTA VERAPAZ,SAN PEDRO CARCHA,INSTITUTO NACIONAL DE EDUCACION DIVERSIFICADA,ALDEA COJAJ,BERTHA ELENA POP HO,VERӍICA GUADALUPE XӠREY,DIVERSIFICADO,OFICIAL,RURAL,ABIERTA,BILINGUE,MATUTINA,DIARIO(REGULAR),ALTA VERAPAZ,44927951
16-09-0838-46,16-014,ALTA VERAPAZ,SAN PEDRO CARCHA,INSTITUTO NACIONAL DE EDUCACION DIVERSIFICADA,ALDEA CHACALTE,JORGE EDUARDO PAQUE LAZARO,MARIO RUBEN CAAL BOTZOC,DIVERSIFICADO,OFICIAL,RURAL,ABIERTA,BILINGUE,MATUTINA,DIARIO(REGULAR),ALTA VERAPAZ,40210652
16-09-0839-46,16-014,ALTA VERAPAZ,SAN PEDRO CARCHA,INSTITUTO NACIONAL DE EDUCACION DIVERSIFICADA,ALDEA XICACAO,JORGE EDUARDO PAQUE LAZARO,JULIETA ADELINA WIRSING AC,DIVERSIFICADO,OFICIAL,RURAL,ABIERTA,BILINGUE,MATUTINA,DIARIO(REGULAR),ALTA VERAPAZ,40210652
16-09-0840-46,16-015,ALTA VERAPAZ,SAN PEDRO CARCHA,INSTITUTO NACIONAL DE EDUCACIӍ DIVERSIFICADA,"COLONIA CHIBUJBU, 2A. CALLE FINAL ZONA 5",OSCAR RENE VENTURA ZAC,SELVIN SERGIO SIERRA GIRӍ,DIVERSIFICADO,OFICIAL,URBANA,ABIERTA,MONOLINGUE,VESPERTINA,DIARIO(REGULAR),ALTA VERAPAZ,55242015
16-09-0844-46,16-015,ALTA VERAPAZ,SAN PEDRO CARCHA,COLEGIO SAGRADA FAMILIA,4TA. CALLE FINAL ZONA 1,OSCAR RENE VENTURA ZAC,MOISES NICOMEDES PAQUE CAAL,DIVERSIFICADO,PRIVADO,URBANA,ABIERTA,MONOLINGUE,VESPERTINA,DIARIO(REGULAR),ALTA VERAPAZ,77360929
16-09-0848-46,16-050,ALTA VERAPAZ,SAN PEDRO CARCHA,CENTRO DE EDUCACIӍ EXTRAESCOLAR,SAN PEDRO CARCHA,MAXIMILIANO CHUB ICAL,LISSY STEISSY SIERRA LӐEZ,DIVERSIFICADO,OFICIAL,URBANA,ABIERTA,MONOLINGUE,DOBLE,SEMIPRESENCIAL,ALTA VERAPAZ,42809114
16-09-0852-46,16-015,ALTA VERAPAZ,SAN PEDRO CARCHA,COLEGIO SALESIANO DON BOSCO,5A. CALLE 7-86 ZONA 1,OSCAR RENE VENTURA ZAC,GERMAN RAUL CAAL TIUL,DIVERSIFICADO,PRIVADO,URBANA,ABIERTA,MONOLINGUE,MATUTINA,DIARIO(REGULAR),ALTA VERAPAZ,79516647
16-09-0855-46,16-050,ALTA VERAPAZ,SAN PEDRO CARCHA,CENTRO DE EDUCACIӍ EXTRAESCOLAR -CEEX-,"6TA. CALLE 3ERA. AVENIDA, ZONA 2",MAXIMILIANO CHUB ICAL,SARA FLORIDALMA CڠTIUL,DIVERSIFICADO,PRIVADO,RURAL,ABIERTA,BILINGUE,DOBLE,SEMIPRESENCIAL,ALTA VERAPAZ,46280307
16-09-0860-46,16-015,ALTA VERAPAZ,SAN PEDRO CARCHA,"INSTITUTO DE EDUCACION BASICA BILING܅ INTERCULTURAL ""LA TRINIDAD""","2A. CALLE 3-24 ZONA7, COLONIA SANTO DOMINGO",OSCAR RENE VENTURA ZAC,AGUSTIN PELICӠPⱰEZ,DIVERSIFICADO,PRIVADO,URBANA,ABIERTA,MONOLINGUE,SIN JORNADA,SEMIPRESENCIAL (FIN DE SEMANA),ALTA VERAPAZ,51591871
16-09-0862-46,16-015,ALTA VERAPAZ,SAN PEDRO CARCHA,LICEO INTERCULTURAL VERAPACENSE,"8A. CALLE 4-47, ZONA 4",OSCAR RENE VENTURA ZAC,YOSELIN YESENIA CHOCӍ TZALAM,DIVERSIFICADO,PRIVADO,URBANA,ABIERTA,MONOLINGUE,SIN JORNADA,SEMIPRESENCIAL (FIN DE SEMANA),ALTA VERAPAZ,45971582
16-09-0863-46,16-015,ALTA VERAPAZ,SAN PEDRO CARCHA,COLEGIO SAGRADA FAMILIA,4A. CALLE FINAL ZONA 1,OSCAR RENE VENTURA ZAC,MOISES NICOMEDES PAQUE CAAL,DIVERSIFICADO,PRIVADO,URBANA,ABIERTA,MONOLINGUE,VESPERTINA,DIARIO(REGULAR),ALTA VERAPAZ,51866549
16-09-0864-46,16-015,ALTA VERAPAZ,SAN PEDRO CARCHA,COLEGIO MIXTO PRIVADO NUEVA GENERACIӍ DEL NORTE,"6A. CALLE 1-78 ZONA 4, BARRIO BELLA VISTA, SECTOR II",OSCAR RENE VENTURA ZAC,ALLAN NOEL MACZ CHIQUIN,DIVERSIFICADO,PRIVADO,URBANA,CERRADA TEMPORALMENTE,MONOLINGUE,MATUTINA,DIARIO(REGULAR),ALTA VERAPAZ,38881474
16-09-0865-46,16-015,ALTA VERAPAZ,SAN PEDRO CARCHA,COLEGIO MIXTO PRIVADO NUEVA GENERACIӍ DEL NORTE,"6A. CALLE 1-78 ZONA 4, BARRIO BELLA VISTA, SECTOR II",OSCAR RENE VENTURA ZAC,LUIS ARTURO LOPEZ PEREZ,DIVERSIFICADO,PRIVADO,URBANA,CERRADA TEMPORALMENTE,MONOLINGUE,VESPERTINA,DIARIO(REGULAR),ALTA VERAPAZ,38881474
16-09-0866-46,16-015,ALTA VERAPAZ,SAN PEDRO CARCHA,COLEGIO MIXTO PRIVADO NUEVA GENERACIӍ DEL NORTE,"6A. CALLE 1-78 ZONA 4, BARRIO BELLA VISTA, SECTOR II",OSCAR RENE VENTURA ZAC,ALLAN NOEL MACZ CHIQUIN,DIVERSIFICADO,PRIVADO,URBANA,ABIERTA,MONOLINGUE,DOBLE,FIN DE SEMANA,ALTA VERAPAZ,38881474
16-09-0868-46,16-015,ALTA VERAPAZ,SAN PEDRO CARCHA,COLEGIO MIXTO PRIVADO NUEVA GENERACIӍ DEL NORTE,"6A. CALLE 1-78 ZONA 4, BARRIO BELLA VISTA, SECTOR II",OSCAR RENE VENTURA ZAC,ALLAN NOEL MACZ CHIQUIN,DIVERSIFICADO,PRIVADO,URBANA,ABIERTA,MONOLINGUE,SIN JORNADA,SEMIPRESENCIAL (FIN DE SEMANA),ALTA VERAPAZ,38881474
16-09-0870-46,16-015,ALTA VERAPAZ,SAN PEDRO CARCHA,CENTRO EDUCATIVO NUEVA VIDA,"8A. CALLE 4-47, ZONA 4",OSCAR RENE VENTURA ZAC,JUAN RAX,DIVERSIFICADO,PRIVADO,URBANA,ABIERTA,MONOLINGUE,VESPERTINA,DIARIO(REGULAR),ALTA VERAPAZ,36369056
16-09-0877-46,16-050,ALTA VERAPAZ,SAN PEDRO CARCHA,CENTRO DE EDUCACIӍ EXTRAESCOLAR -CEEX-,ALDEA SEJALAL,MAXIMILIANO CHUB ICAL,HECTOR MANUEL CAC CUCUL,DIVERSIFICADO,OFICIAL,RURAL,ABIERTA,BILINGUE,MATUTINA,SEMIPRESENCIAL,ALTA VERAPAZ,46538083
16-09-0880-46,16-017,ALTA VERAPAZ,SAN PEDRO CARCHA,INSTITUTO NACIONAL DE EDUCACIӍ DIVERSIFICADA,ALDEA TANCHI,CESAR RIGOBERTO CUC CAAL,EDGAR LEONEL DEL VALLE XӼ/TD>,DIVERSIFICADO,OFICIAL,RURAL,ABIERTA,MONOLINGUE,MATUTINA,DIARIO(REGULAR),ALTA VERAPAZ,40838729
16-09-0882-46,16-015,ALTA VERAPAZ,SAN PEDRO CARCHA,INSTITUTO NACIONAL DE EDUCACIӍ DIVERSIFICADA,ALDEA POCOLA,OSCAR RENE VENTURA ZAC,INGRID FLORICELDA CHOC CHOC,DIVERSIFICADO,OFICIAL,RURAL,ABIERTA,BILINGUE,MATUTINA,DIARIO(REGULAR),ALTA VERAPAZ,49074025
16-09-0883-46,16-015,ALTA VERAPAZ,SAN PEDRO CARCHA,INSTITUTO NACIONAL DE EDUCACIӍ DIVERSIFICADA,ALDEA CHICOJL,OSCAR RENE VENTURA ZAC,ESTELVIA MEJ́ JIMɎEZ,DIVERSIFICADO,OFICIAL,RURAL,ABIERTA,BILINGUE,MATUTINA,DIARIO(REGULAR),ALTA VERAPAZ,30223298
16-09-0885-46,16-015,ALTA VERAPAZ,SAN PEDRO CARCHA,INSTITUTO NACIONAL DE EDUCACION DIVERSIFICADA,ALDEA CHIYO,OSCAR RENE VENTURA ZAC,LIGIA ARACELY SAY TOT,DIVERSIFICADO,OFICIAL,RURAL,ABIERTA,BILINGUE,MATUTINA,DIARIO(REGULAR),ALTA VERAPAZ,58410749
16-09-1574-46,16-015,ALTA VERAPAZ,SAN PEDRO CARCHA,CENTRO EDUCATIVO PARTICULAR DON BOSCO,ALDEA TZACANIHA,OSCAR RENE VENTURA ZAC,SALVADOR AJUALIP RODR͇UEZ,DIVERSIFICADO,PRIVADO,RURAL,ABIERTA,BILINGUE,MATUTINA,DIARIO(REGULAR),ALTA VERAPAZ,79515955
16-09-2160-46,16-017,ALTA VERAPAZ,SAN PEDRO CARCHA,CENTRO EDUCATIVO DON BOSCO TZACANIJA,ALDEA TZACANIHA,CESAR RIGOBERTO CUC CAAL,--,DIVERSIFICADO,PRIVADO,RURAL,CERRADA TEMPORALMENTE,MONOLINGUE,MATUTINA,DIARIO(REGULAR),ALTA VERAPAZ,79515123
16-09-6450-46,16-015,ALTA VERAPAZ,SAN PEDRO CARCHA,CENTRO EDUCATIVO PRIVADO TALITA KUMI,"1A. CALLE 2-50, ZONA 8",OSCAR RENE VENTURA ZAC,MAURINDA BEATRIZ MOLINA SARAVIA,DIVERSIFICADO,PRIVADO,URBANA,ABIERTA,MONOLINGUE,MATUTINA,DIARIO(REGULAR),ALTA VERAPAZ,79629100
16-09-7312-46,16-017,ALTA VERAPAZ,SAN PEDRO CARCHA,INSTITUTO TECNICO EXPERIMENTAL DE RECURSOS NATURALES,FINCA MUNICIPAL CHIPAR,CESAR RIGOBERTO CUC CAAL,,DIVERSIFICADO,PRIVADO,RURAL,CERRADA TEMPORALMENTE,MONOLINGUE,DOBLE,DIARIO(REGULAR),ALTA VERAPAZ,57034175
16-09-8333-46,16-015,ALTA VERAPAZ,SAN PEDRO CARCHA,"COLEGIO PARTICULAR MIXTO ""ISAIAS BARRIENTOS""",3A. CALLE 4-55 ZONA 5,OSCAR RENE VENTURA ZAC,CRUZ ALBERTO PⱰEZ OXOM,DIVERSIFICADO,PRIVADO,URBANA,CERRADA TEMPORALMENTE,MONOLINGUE,VESPERTINA,DIARIO(REGULAR),ALTA VERAPAZ,79515655
16-09-9258-46,16-015,ALTA VERAPAZ,SAN PEDRO CARCHA,"COLEGIO ""STHELLA DE HERNANDEZ""",DIAGONAL 2 10-73 ZONA 2 BARRIO SAN PABLO,OSCAR RENE VENTURA ZAC,ORLEY EDWIN MELɎDEZ ROSALES,DIVERSIFICADO,PRIVADO,URBANA,ABIERTA,MONOLINGUE,VESPERTINA,DIARIO(REGULAR),ALTA VERAPAZ,79516876
16-09-9259-46,16-015,ALTA VERAPAZ,SAN PEDRO CARCHA,"COLEGIO ""STHELLA DE HERNANDEZ""",DIAGONAL 2 10-73 ZONA 2 BARRIO SAN PABLO,OSCAR RENE VENTURA ZAC,ORLEY EDWIN MELɎDEZ ROSALES,DIVERSIFICADO,PRIVADO,URBANA,ABIERTA,MONOLINGUE,DOBLE,FIN DE SEMANA,ALTA VERAPAZ,
16-10-0001-46,16-019,ALTA VERAPAZ,SAN JUAN CHAMELCO,"LICEO COEDUCATIVO PRIVADO ""JAVIER DE LA VERAPAZ""",KILOMETRO 218.5 SEDE REGIONAL UNIVERSIDAD RAFAEL LANDIVAR,LAYZA MARIELA CASTRO CAAL,JULIO CESAR SAMAYOA ALVAREZ,DIVERSIFICADO,PRIVADO,URBANA,CERRADA TEMPORALMENTE,MONOLINGUE,MATUTINA,DIARIO(REGULAR),ALTA VERAPAZ,
16-10-0050-46,16-019,ALTA VERAPAZ,SAN JUAN CHAMELCO,CENTRO EDUCATIVO AK NALEB,BARRIO SAN LUIS,LAYZA MARIELA CASTRO CAAL,EVELYN PATRICIA ROSALES LOPEZ,DIVERSIFICADO,PRIVADO,URBANA,CERRADA TEMPORALMENTE,MONOLINGUE,DOBLE,FIN DE SEMANA,ALTA VERAPAZ,45066470
16-10-0051-46,16-019,ALTA VERAPAZ,SAN JUAN CHAMELCO,CENTRO EDUCATIVO AK NALEB,BARRIO SAN LUIS,LAYZA MARIELA CASTRO CAAL,EVELYN PATRICIA ROSALES LOPEZ,DIVERSIFICADO,PRIVADO,URBANA,CERRADA TEMPORALMENTE,MONOLINGUE,VESPERTINA,DIARIO(REGULAR),ALTA VERAPAZ,
16-10-0052-46,16-019,ALTA VERAPAZ,SAN JUAN CHAMELCO,INSTITUTO PRIVADO MIXTO DE DESARROLLO LOCAL,1A CALLE 0-07 ZONA 1,LAYZA MARIELA CASTRO CAAL,CLARA LUZ ALVARADO,DIVERSIFICADO,PRIVADO,URBANA,CERRADA TEMPORALMENTE,MONOLINGUE,DOBLE,FIN DE SEMANA,ALTA VERAPAZ,55147639
16-10-0053-46,16-019,ALTA VERAPAZ,SAN JUAN CHAMELCO,COLEGIO SAN FRANCISCO JAVIER DE LA VERAPAZ,"0 CALLE 5-98, ZONA 4",LAYZA MARIELA CASTRO CAAL,MARTHA MARIA BOSARREYES VALENZUELA,DIVERSIFICADO,PRIVADO,URBANA,CERRADA TEMPORALMENTE,MONOLINGUE,MATUTINA,DIARIO(REGULAR),ALTA VERAPAZ,77208313
16-10-0056-46,16-019,ALTA VERAPAZ,SAN JUAN CHAMELCO,INSTITUTO PRIVADO MIXTO DE DESARROLLO LOCAL,1A CALLE 0-07 ZONA 1,LAYZA MARIELA CASTRO CAAL,CLARA LUZ ALVARADO,DIVERSIFICADO,PRIVADO,URBANA,CERRADA TEMPORALMENTE,MONOLINGUE,MATUTINA,DIARIO(REGULAR),ALTA VERAPAZ,55147639
16-10-0062-46,16-019,ALTA VERAPAZ,SAN JUAN CHAMELCO,COLEGIO PARTICULAR MIXTO KAIROS,0 AVENIDA 1A. CALLE NO. 002 ZONA 4 BARRIO SANTO DOMINGO,LAYZA MARIELA CASTRO CAAL,EDWIN NAZARETH MELɎDEZ FERNNDEZ,DIVERSIFICADO,PRIVADO,URBANA,ABIERTA,MONOLINGUE,MATUTINA,DIARIO(REGULAR),ALTA VERAPAZ,79500460
16-10-0063-46,16-019,ALTA VERAPAZ,SAN JUAN CHAMELCO,COLEGIO PARTICULAR MIXTO KAIROS,0 AVENIDA 1A CALLE NO. 002 ZONA 4 BARRIO SANTO DOMINGO,LAYZA MARIELA CASTRO CAAL,EDWIN NAZARETH MELɎDEZ FERNNDEZ,DIVERSIFICADO,PRIVADO,URBANA,ABIERTA,MONOLINGUE,VESPERTINA,DIARIO(REGULAR),ALTA VERAPAZ,79500460
16-10-0064-46,16-019,ALTA VERAPAZ,SAN JUAN CHAMELCO,INSTITUTO NACIONAL DE EDUCACIӍ DIVERSIFICADA,"2A. AVENIDA 7-66 ZONA DOS, BARRIO SANTA ANA ORIENTAL",LAYZA MARIELA CASTRO CAAL,THELMA JUDITH BARRIENTOS ICAL,DIVERSIFICADO,OFICIAL,URBANA,ABIERTA,MONOLINGUE,VESPERTINA,DIARIO(REGULAR),ALTA VERAPAZ,57400249
16-10-0065-46,16-019,ALTA VERAPAZ,SAN JUAN CHAMELCO,LICEO GUATEMALTECO VERAPACENSE,BARRIO RESURRECCIӍ,LAYZA MARIELA CASTRO CAAL,SEYLI ARACELY RAMOS BELTETON,DIVERSIFICADO,PRIVADO,URBANA,ABIERTA,MONOLINGUE,VESPERTINA,DIARIO(REGULAR),ALTA VERAPAZ,79500286
16-10-0066-46,16-019,ALTA VERAPAZ,SAN JUAN CHAMELCO,LICEO GUATEMALTECO VERAPACENSE,BARRIO RESURRECCIӍ,LAYZA MARIELA CASTRO CAAL,JUAN RAX,DIVERSIFICADO,PRIVADO,URBANA,ABIERTA,MONOLINGUE,DOBLE,FIN DE SEMANA,ALTA VERAPAZ,79500286
16-10-0072-46,16-019,ALTA VERAPAZ,SAN JUAN CHAMELCO,COLEGIO PARTICULAR MIXTO KAIROS,1ERA. CALLE 0-02 ZONA 4,LAYZA MARIELA CASTRO CAAL,EDWIN NAZARETH MELɎDEZ FERNNDEZ,DIVERSIFICADO,PRIVADO,URBANA,ABIERTA,BILINGUE,DOBLE,FIN DE SEMANA,ALTA VERAPAZ,79500460
16-10-0138-46,16-019,ALTA VERAPAZ,SAN JUAN CHAMELCO,LICEO GUATEMALTECO VERAPACENSE,BARRIO RESURRECCIӍ,LAYZA MARIELA CASTRO CAAL,JUAN RAX,DIVERSIFICADO,PRIVADO,URBANA,ABIERTA,MONOLINGUE,MATUTINA,DIARIO(REGULAR),ALTA VERAPAZ,36365262
16-10-0140-46,16-019,ALTA VERAPAZ,SAN JUAN CHAMELCO,LICEO GUATEMALTECO VERAPACENSE,BARRIO RESURRECCIӍ,LAYZA MARIELA CASTRO CAAL,JUAN RAX,DIVERSIFICADO,PRIVADO,URBANA,ABIERTA,MONOLINGUE,SIN JORNADA,SEMIPRESENCIAL (FIN DE SEMANA),ALTA VERAPAZ,36365262
16-10-0150-46,16-020,ALTA VERAPAZ,SAN JUAN CHAMELCO,INSTITUTO MIXTO BILING܅ INTERCULTURAL CHOSAAM,ALDEA CHAMIL,CECILIO DADAI OVANDO AZURDIA,ALFONSO CHO SAM,DIVERSIFICADO,PRIVADO,RURAL,ABIERTA,MONOLINGUE,DOBLE,FIN DE SEMANA,ALTA VERAPAZ,32858391
16-10-0151-46,16-020,ALTA VERAPAZ,SAN JUAN CHAMELCO,INSTITUTO MIXTO BILING܅ INTERCULTURAL CHOSAAM,ALDEA CHAMIL,CECILIO DADAI OVANDO AZURDIA,ALFONSO CHO SAM,DIVERSIFICADO,PRIVADO,RURAL,ABIERTA,MONOLINGUE,SIN JORNADA,SEMIPRESENCIAL (FIN DE SEMANA),ALTA VERAPAZ,32858391
16-10-1400-46,16-019,ALTA VERAPAZ,SAN JUAN CHAMELCO,INSTITUTO TECNICO EN RECURSOS NATURALES,FINCA MUNICIPAL CHIPAR,LAYZA MARIELA CASTRO CAAL,MARIA VICTORIA CUC COY,DIVERSIFICADO,PRIVADO,URBANA,ABIERTA,MONOLINGUE,DOBLE,DIARIO(REGULAR),ALTA VERAPAZ,79500480
16-10-3816-46,,ALTA VERAPAZ,SAN JUAN CHAMELCO,LICEO DE BACHILLERATO EN COMPUTACION Y EDUCACION PARA EL HOGAR 'MBM' JM,,,,DIVERSIFICADO,PRIVADO,URBANA,CERRADA TEMPORALMENTE,MONOLINGUE,MATUTINA,DIARIO(REGULAR),ALTA VERAPAZ,
16-10-9601-46,16-019,ALTA VERAPAZ,SAN JUAN CHAMELCO,CENTRO EDUCATIVO MENONITA Q EQCHI BEZALEEL,ALDEA SAQUIJA,LAYZA MARIELA CASTRO CAAL,FRANCISCO BERNAL GONZLEZ,DIVERSIFICADO,PRIVADO,RURAL,ABIERTA,MONOLINGUE,VESPERTINA,DIARIO(REGULAR),ALTA VERAPAZ,79500397
16-11-0003-46,16-021,ALTA VERAPAZ,LANQUIN,"INSTITUTO MIXTO PRIVADO ""FRANCISCO OSWALDO REYES NARCISO""",BARRIO SAN NICOLAS,HORACIO WALDEMAR JUAREZ ARGUETA,LUIS ROMEO BAILӍ DE LA CRUZ,DIVERSIFICADO,PRIVADO,URBANA,CERRADA TEMPORALMENTE,MONOLINGUE,DOBLE,FIN DE SEMANA,ALTA VERAPAZ,57073563
16-11-0027-46,16-021,ALTA VERAPAZ,LANQUIN,INSTITUTO NACIONAL DE EDUCACION DIVERSIFICADA,BARRIO SAN NICOLAS,HORACIO WALDEMAR JUAREZ ARGUETA,ANA MARIELA JUREZ FIGUEROA,DIVERSIFICADO,OFICIAL,URBANA,ABIERTA,MONOLINGUE,VESPERTINA,DIARIO(REGULAR),ALTA VERAPAZ,49823719
16-11-0055-46,16-021,ALTA VERAPAZ,LANQUIN,INSTITUTO MIXTO DE EDUCACIҎ BILING܅ INTERCULTURAL IMEBI,COLONIA BELEN,HORACIO WALDEMAR JUAREZ ARGUETA,VILMA DOMINGA ASIG POP,DIVERSIFICADO,PRIVADO,URBANA,CERRADA TEMPORALMENTE,BILINGUE,VESPERTINA,DIARIO(REGULAR),ALTA VERAPAZ,79514189
16-11-0057-46,16-021,ALTA VERAPAZ,LANQUIN,INSTITUTO NACIONAL DE EDUCACION DIVERSIFICADA,BARRIO SAN NICOLAS,HORACIO WALDEMAR JUAREZ ARGUETA,ANA MARIELA JUREZ FIGUEROA,DIVERSIFICADO,OFICIAL,URBANA,ABIERTA,MONOLINGUE,DOBLE,DIARIO(REGULAR),ALTA VERAPAZ,49823719
16-11-0059-46,16-021,ALTA VERAPAZ,LANQUIN,"CENTRO DE ESTUDIOS PREUNIVERSITARIO CAHABӍ-LANQU͎ ""CEPREC LANQU͎""",COLONIA BELEN,HORACIO WALDEMAR JUAREZ ARGUETA,MAX BENEDICTO FERNANDEZ YAXCAL,DIVERSIFICADO,PRIVADO,URBANA,ABIERTA,MONOLINGUE,VESPERTINA,DIARIO(REGULAR),ALTA VERAPAZ,45353648
16-11-0060-46,16-021,ALTA VERAPAZ,LANQUIN,"CENTRO DE ESTUDIOS PREUNIVERSITARIO CAHABӍ-LANQU͎ ""CEPREC LANQU͎""",COLONIA BELEN,HORACIO WALDEMAR JUAREZ ARGUETA,MAX BENEDICTO FERNANDEZ YAXCAL,DIVERSIFICADO,PRIVADO,URBANA,ABIERTA,MONOLINGUE,DOBLE,FIN DE SEMANA,ALTA VERAPAZ,45353648
16-11-0062-46,16-021,ALTA VERAPAZ,LANQUIN,"INSTITUTO MIXTO PRIVADO ""FRANCISCO OSWALDO REYES NARCISO""",BARRIO SAN NICOLAS,HORACIO WALDEMAR JUAREZ ARGUETA,LUIS ROMEO BAILӍ DE LA CRUZ,DIVERSIFICADO,PRIVADO,URBANA,ABIERTA,MONOLINGUE,SIN JORNADA,SEMIPRESENCIAL (FIN DE SEMANA),ALTA VERAPAZ,57073563
16-11-0089-46,16-050,ALTA VERAPAZ,LANQUIN,CENTRO DE EDUCACIӍ EXTRAESCOLAR -CEEX-,COLONIA BELɎ,MAXIMILIANO CHUB ICAL,MARIANA EIZABETH ARGUETA CӒDOVA,DIVERSIFICADO,OFICIAL,URBANA,ABIERTA,MONOLINGUE,DOBLE,DIARIO(REGULAR),ALTA VERAPAZ,55240728
16-11-9092-46,16-021,ALTA VERAPAZ,LANQUIN,INSTITUTO MIXTO PRIVADO DE MAGISTERIO BILINGUE,CABECERA,HORACIO WALDEMAR JUAREZ ARGUETA,JORGE MARIO JUREZ FIGUEROA,DIVERSIFICADO,PRIVADO,URBANA,ABIERTA,BILINGUE,VESPERTINA,DIARIO(REGULAR),ALTA VERAPAZ,30907134
16-12-0113-46,16-022,ALTA VERAPAZ,SANTA MARIA CAHABON,CENTRO DE ESTUDIOS PREUNIVERSITARIOS CAHABON -CEPREC-,BARRIO SAN PABLO,ELVIS BENJAMIN IXIM HERNANDEZ,ERNESTO YAXCAL CUZ,DIVERSIFICADO,PRIVADO,URBANA,ABIERTA,MONOLINGUE,VESPERTINA,DIARIO(REGULAR),ALTA VERAPAZ,45353648
16-12-0125-46,16-022,ALTA VERAPAZ,SANTA MARIA CAHABON,INSTITUTO NACIONAL DE EDUCACION DIVERSIFICADA,BARRIO CENTRO,ELVIS BENJAMIN IXIM HERNANDEZ,EMILIA GARĆ VSQUEZ,DIVERSIFICADO,OFICIAL,RURAL,ABIERTA,MONOLINGUE,VESPERTINA,DIARIO(REGULAR),ALTA VERAPAZ,31548885
16-12-0162-46,16-022,ALTA VERAPAZ,SANTA MARIA CAHABON,LICEO LEONARDO DA VINCI L L D,BARRIO SAN PABLO,ELVIS BENJAMIN IXIM HERNANDEZ,ARNOLDO YAXCAL CUZ,DIVERSIFICADO,PRIVADO,URBANA,CERRADA TEMPORALMENTE,BILINGUE,VESPERTINA,DIARIO(REGULAR),ALTA VERAPAZ,45353648
16-12-0182-46,16-022,ALTA VERAPAZ,SANTA MARIA CAHABON,INSTITUTO AGROECOLӇICO DE EDUCACIӍ BILINGUE FRAY DOMINGO DE VICO,BARRIO SAN PEDRO,ELVIS BENJAMIN IXIM HERNANDEZ,JOSƓFILIBERTO QUIM XOL,DIVERSIFICADO,PRIVADO,URBANA,ABIERTA,BILINGUE,MATUTINA,DIARIO(REGULAR),ALTA VERAPAZ,57253608
16-12-0189-46,16-022,ALTA VERAPAZ,SANTA MARIA CAHABON,INSTITUTO NACIONAL DE EDUCACION DIVERSIFICADA,ALDEA PINARES,ELVIS BENJAMIN IXIM HERNANDEZ,SAUL X͠,DIVERSIFICADO,OFICIAL,RURAL,ABIERTA,MONOLINGUE,VESPERTINA,DIARIO(REGULAR),ALTA VERAPAZ,46367384
16-12-0192-46,16-022,ALTA VERAPAZ,SANTA MARIA CAHABON,CENTRO DE ESTUDIOS PREUNIVERSITARIO CAHABӍ -CEPREC-,BARRIO SAN PABLO,ELVIS BENJAMIN IXIM HERNANDEZ,ERNESTO YAXCAL CUZ,DIVERSIFICADO,PRIVADO,URBANA,ABIERTA,MONOLINGUE,MATUTINA,DIARIO(REGULAR),ALTA VERAPAZ,45353648
16-12-0195-46,16-022,ALTA VERAPAZ,SANTA MARIA CAHABON,FUNDACIӍ FRAY DOMINGO DE VICO,BARRIO SAN PEDRO,ELVIS BENJAMIN IXIM HERNANDEZ,RUDY LEONARDO CHOCӠMO,DIVERSIFICADO,PRIVADO,URBANA,CERRADA TEMPORALMENTE,BILINGUE,DOBLE,DIARIO(REGULAR),ALTA VERAPAZ,57253608
16-12-0199-46,16-023,ALTA VERAPAZ,SANTA MARIA CAHABON,CENTRO DE ESTUDIOS PREUNIVERSITARIO CAHABӍ -CEPREC-,BARRIO SAN PABLO,MYNOR DANILO TORRES JUAREZ,ERNESTO YAXCAL CUZ,DIVERSIFICADO,PRIVADO,URBANA,ABIERTA,MONOLINGUE,DOBLE,FIN DE SEMANA,ALTA VERAPAZ,45353648
16-12-0202-46,16-023,ALTA VERAPAZ,SANTA MARIA CAHABON,CENTRO DE ESTUDIOS PREUNIVERSITARIO CAHABӍ -CEPREC-,BARRIO SAN PABLO,MYNOR DANILO TORRES JUAREZ,ERNESTO YAXCAL CUZ,DIVERSIFICADO,PRIVADO,URBANA,CERRADA TEMPORALMENTE,BILINGUE,MATUTINA,FIN DE SEMANA,ALTA VERAPAZ,45353648
16-12-0203-46,16-050,ALTA VERAPAZ,SANTA MARIA CAHABON,CENTRO DE EDUCACIӍ EXTRAESCOLAR,SANTA MARIA CAHABON,MAXIMILIANO CHUB ICAL,CRUZ ALBERTO POP CHӼ/TD>,DIVERSIFICADO,OFICIAL,RURAL,ABIERTA,BILINGUE,DOBLE,SEMIPRESENCIAL,ALTA VERAPAZ,46918324
16-12-0222-46,16-023,ALTA VERAPAZ,SANTA MARIA CAHABON,CENTRO DE ESTUDIOS PREUNIVERSITARIO CAHABON -CEPREC-,BARRIO SAN PABLO,MYNOR DANILO TORRES JUAREZ,ERNESTO YAXCAL CUZ,DIVERSIFICADO,PRIVADO,URBANA,ABIERTA,MONOLINGUE,SIN JORNADA,SEMIPRESENCIAL (FIN DE SEMANA),ALTA VERAPAZ,45353648
16-12-1612-46,16-022,ALTA VERAPAZ,SANTA MARIA CAHABON,LICEO SANTA MARIA,BARRIO SAN PABLO,ELVIS BENJAMIN IXIM HERNANDEZ,ERNESTO YAXCAL CUZ,DIVERSIFICADO,PRIVADO,URBANA,CERRADA TEMPORALMENTE,MONOLINGUE,MATUTINA,FIN DE SEMANA,ALTA VERAPAZ,45353648
16-12-9214-46,16-023,ALTA VERAPAZ,SANTA MARIA CAHABON,INSTITUTO MIXTO MUNICIPAL DE MAGISTERIO BILINGUE SEPOC,ALDEA SEPOC,MYNOR DANILO TORRES JUAREZ,RIGOBERTO CHO POP,DIVERSIFICADO,MUNICIPAL,RURAL,ABIERTA,BILINGUE,VESPERTINA,DIARIO(REGULAR),ALTA VERAPAZ,37297644
16-12-9215-46,16-022,ALTA VERAPAZ,SANTA MARIA CAHABON,INSTITUTO PARTICULAR RICARDO ARJONA,BARRIO SAN JUAN,ELVIS BENJAMIN IXIM HERNANDEZ,CƁAR ENRIQUE GONZLEZ,DIVERSIFICADO,PRIVADO,URBANA,ABIERTA,BILINGUE,VESPERTINA,DIARIO(REGULAR),ALTA VERAPAZ,58941390
16-13-0225-46,16-024,ALTA VERAPAZ,CHISEC,LICEO MIXTO EN COMPUTACION DEL NORTE,"1A. CALLE Y 2A. AVENIDA LOTE 204, BARRIO EL CENTRO",CESAR ROLANDO CHOCOOJ YALIBAT,KARIN JANNETT HERRERA COY,DIVERSIFICADO,PRIVADO,URBANA,ABIERTA,MONOLINGUE,DOBLE,FIN DE SEMANA,ALTA VERAPAZ,56626889
16-13-0226-46,16-024,ALTA VERAPAZ,CHISEC,LICEO MIXTO EN COMPUTACION DEL NORTE,"1A. CALLE Y 2A. AVENIDA LOTE 204, BARRIO EL CENTRO",CESAR ROLANDO CHOCOOJ YALIBAT,KARIN JANNETT HERRERA COY,DIVERSIFICADO,PRIVADO,URBANA,CERRADA TEMPORALMENTE,MONOLINGUE,DOBLE,FIN DE SEMANA,ALTA VERAPAZ,56626889
16-13-0227-46,16-026,ALTA VERAPAZ,CHISEC,INSTITUTO MIXTO DE EDUCACION BILINGUE INTERCULTURAL -IMEBI-,ALDEA CHIQUIBUL,ILEANA VERӍICA MACZ CALACH,DANIEL RAMOS TOMAS,DIVERSIFICADO,PRIVADO,URBANA,CERRADA TEMPORALMENTE,MONOLINGUE,DOBLE,FIN DE SEMANA,ALTA VERAPAZ,45565203
16-13-0228-46,16-024,ALTA VERAPAZ,CHISEC,COLEGIO CRISTIANO GALILEA,PARCELA NO. 1 COMUNIDAD SAN SIMON NO. II,CESAR ROLANDO CHOCOOJ YALIBAT,HECTOR DAVID NUILA SAG܍,DIVERSIFICADO,PRIVADO,URBANA,CERRADA TEMPORALMENTE,MONOLINGUE,VESPERTINA,DIARIO(REGULAR),ALTA VERAPAZ,57405697
16-13-0240-46,16-024,ALTA VERAPAZ,CHISEC,"LICEO MIXTO PRIVADO ""SENDEROS PARA LA VIDA""",BARRIO LA FLORIDA,CESAR ROLANDO CHOCOOJ YALIBAT,HUMBERTO CHEN CABNAL,DIVERSIFICADO,PRIVADO,URBANA,ABIERTA,MONOLINGUE,DOBLE,FIN DE SEMANA,ALTA VERAPAZ,79510080
16-13-0249-46,16-025,ALTA VERAPAZ,CHISEC,INSTITUTO MIXTO DE EDUCACIӍ FORTALEZA DEL FUTURO -INMEFF-,ALDEA CHIQUIBUL,OSCAR WALDEMAR MILIAN TIUL,AUGUSTO ORTIZ ORDOХZ,DIVERSIFICADO,PRIVADO,RURAL,ABIERTA,MONOLINGUE,VESPERTINA,DIARIO(REGULAR),ALTA VERAPAZ,51709961
16-13-0252-46,16-045,ALTA VERAPAZ,CHISEC,INSTITUTO NACIONAL DE EDUCACIӍ DIVERSIFICADA,ALDEA SAMOCOCH,ALFONSO BOTZOC CAN,--,DIVERSIFICADO,OFICIAL,RURAL,ABIERTA,BILINGUE,MATUTINA,DIARIO(REGULAR),ALTA VERAPAZ,31453164
16-13-0254-46,16-024,ALTA VERAPAZ,CHISEC,INSTITUTO NACIONAL DE EDUCACIӍ DIVERSIFICADA,BARRIO EL CENTRO,CESAR ROLANDO CHOCOOJ YALIBAT,GABRIELA SARA͠CUELLAR LEAL,DIVERSIFICADO,OFICIAL,URBANA,ABIERTA,MONOLINGUE,MATUTINA,DIARIO(REGULAR),ALTA VERAPAZ,40945091
16-13-0263-46,16-024,ALTA VERAPAZ,CHISEC,COLEGIO MIXTO PRIVADO ASDECHI,BARRIO EL CENTRO,CESAR ROLANDO CHOCOOJ YALIBAT,ISAIAS ISEM MACZ,DIVERSIFICADO,PRIVADO,URBANA,CERRADA TEMPORALMENTE,MONOLINGUE,MATUTINA,FIN DE SEMANA,ALTA VERAPAZ,53809529
16-13-0264-46,16-024,ALTA VERAPAZ,CHISEC,COLEGIO MIXTO PRIVADO ASDECHI,BARRIO EL CENTRO,CESAR ROLANDO CHOCOOJ YALIBAT,ISAIAS ISEM MACZ,DIVERSIFICADO,PRIVADO,URBANA,ABIERTA,MONOLINGUE,DOBLE,FIN DE SEMANA,ALTA VERAPAZ,53809529
16-13-0265-46,16-024,ALTA VERAPAZ,CHISEC,COLEGIO CRISTIANO GALILEA,COMUNIDAD SAN SIMON II,CESAR ROLANDO CHOCOOJ YALIBAT,HECTOR DAVID NUILA SAG܍,DIVERSIFICADO,PRIVADO,RURAL,ABIERTA,BILINGUE,MATUTINA,DIARIO(REGULAR),ALTA VERAPAZ,44874651
16-13-0267-46,16-050,ALTA VERAPAZ,CHISEC,CENTRO DE EDUCACIӍ EXTRAESCOLAR,CHISEC,MAXIMILIANO CHUB ICAL,VILMA ANTONIETA RAX CHON,DIVERSIFICADO,OFICIAL,RURAL,ABIERTA,BILINGUE,DOBLE,SEMIPRESENCIAL,ALTA VERAPAZ,46585879
16-13-0270-46,16-024,ALTA VERAPAZ,CHISEC,"COLEGIO MIXTO PRIVADO ""ASDECHI""",BARRIO EL CENTRO,CESAR ROLANDO CHOCOOJ YALIBAT,ISAIAS ISEM MACZ,DIVERSIFICADO,PRIVADO,URBANA,ABIERTA,MONOLINGUE,SIN JORNADA,SEMIPRESENCIAL (FIN DE SEMANA),ALTA VERAPAZ,53809529
16-13-0274-46,16-024,ALTA VERAPAZ,CHISEC,LICEO MIXTO EN COMPUTACIӍ DEL NORTE,"1A. CALLE Y 2A. AVENIDA LOTE 204, BARRIO EL CENTRO",CESAR ROLANDO CHOCOOJ YALIBAT,KARIN JANNETT HERRERA COY,DIVERSIFICADO,PRIVADO,URBANA,ABIERTA,MONOLINGUE,SIN JORNADA,SEMIPRESENCIAL (FIN DE SEMANA),ALTA VERAPAZ,31539323
16-13-9612-46,16-024,ALTA VERAPAZ,CHISEC,ESCUELA NORMAL BILINGUE INTERCULTURAL,BARRIO LA FLORIDA,CESAR ROLANDO CHOCOOJ YALIBAT,MAŔ GRACIELA CAAL JUCUB,DIVERSIFICADO,OFICIAL,URBANA,ABIERTA,BILINGUE,MATUTINA,DIARIO(REGULAR),ALTA VERAPAZ,58871352
16-13-9632-46,16-024,ALTA VERAPAZ,CHISEC,COLEGIO DE MAGISTERIO BILINGUE NUEVO CHISEC,LOTES 682-678 1A. CALLE 10AV. ZONA 1 BARRIO NAZARETH 03/11/2017,CESAR ROLANDO CHOCOOJ YALIBAT,MIGUEL ANGEL PⱰEZ LӐEZ,DIVERSIFICADO,PRIVADO,RURAL,CERRADA TEMPORALMENTE,MONOLINGUE,VESPERTINA,DIARIO(REGULAR),ALTA VERAPAZ,55140625
16-14-0054-46,16-027,ALTA VERAPAZ,CHAHAL,INSTITUTO NACIONAL DE EDUCACION DIVERSIFICADA,BARRIO CENTRO,EDETANO OXOM YAT,ELSA BERNARDA LӐEZ CAAL,DIVERSIFICADO,OFICIAL,URBANA,ABIERTA,MONOLINGUE,VESPERTINA,DIARIO(REGULAR),ALTA VERAPAZ,
16-14-0074-46,16-027,ALTA VERAPAZ,CHAHAL,INSTITUTO MIXTO DE EDUCACION BILINGUE INTERCULTURAL -IMEBI-,BARRIO SANTO DOMINGO,EDETANO OXOM YAT,JULIO CESAR LOPEZ BARRIENTOS,DIVERSIFICADO,PRIVADO,URBANA,CERRADA TEMPORALMENTE,MONOLINGUE,DOBLE,FIN DE SEMANA,ALTA VERAPAZ,46340036
16-14-0088-46,16-027,ALTA VERAPAZ,CHAHAL,"INSTITUTO DE EDUCACIӍ DIVERSIFICADA POR COOPERATIVA DE ENSEСNZA ""SANTO DOMINGO""",BARRIO SANTO DOMINGO,EDETANO OXOM YAT,ASTRID MAGALY CAAL RODRIGUEZ,DIVERSIFICADO,COOPERATIVA,URBANA,ABIERTA,MONOLINGUE,VESPERTINA,DIARIO(REGULAR),ALTA VERAPAZ,45549508
16-14-0092-46,16-027,ALTA VERAPAZ,CHAHAL,INSTITUTO DE EDUCACION DIVERSIFICADA POR COOPERATIVA DE ENSEСNZA,BARRIO SANTA MARIA,EDETANO OXOM YAT,EDGAR NATANAEL TEJC MIS,DIVERSIFICADO,COOPERATIVA,URBANA,ABIERTA,MONOLINGUE,VESPERTINA,DIARIO(REGULAR),ALTA VERAPAZ,53255858
16-14-0107-46,16-050,ALTA VERAPAZ,CHAHAL,CENTRO DE EDUCACIӍ EXTRAESCOLAR -CEEX-,CASER͏ SANTA MAŔ CHICOC,MAXIMILIANO CHUB ICAL,MANUEL TZALAM CHEN,DIVERSIFICADO,OFICIAL,RURAL,ABIERTA,BILINGUE,DOBLE,DIARIO(REGULAR),ALTA VERAPAZ,48185582
16-14-1344-46,16-027,ALTA VERAPAZ,CHAHAL,COLEGIO TECNOLOGICO LICENCIADO HUMBERTO RIVERA GARCIA,BARRIO EL CENTRO SAN FERNANDO,EDETANO OXOM YAT,,DIVERSIFICADO,PRIVADO,URBANA,CERRADA TEMPORALMENTE,MONOLINGUE,VESPERTINA,DIARIO(REGULAR),ALTA VERAPAZ,79832242
16-14-1719-46,16-048,ALTA VERAPAZ,CHAHAL,INSTITUTO TECNICO VOCACIONAL SAN AGUSTIN,ALDEA SAN AGUSTIN CHAHAL VIEJO,AURELIO CHO MAQUIN,JAIRO URIEL SEVILLA MENDOZA,DIVERSIFICADO,PRIVADO,URBANA,ABIERTA,MONOLINGUE,VESPERTINA,DIARIO(REGULAR),ALTA VERAPAZ,40096817
16-15-0002-46,16-028,ALTA VERAPAZ,FRAY BARTOLOME DE LAS CASAS,"COLEGIO PARTICULAR MIXTO ""EL EXITO""",CALLE DEL CAMPO LOTE 287 BARRIO EL CENTRO,NELY MAGALY QUIJADA AYALA,BAUDILIO SOTO GARCIA,DIVERSIFICADO,PRIVADO,URBANA,ABIERTA,MONOLINGUE,NOCTURNA,DIARIO(REGULAR),ALTA VERAPAZ,
16-15-0004-46,16-028,ALTA VERAPAZ,FRAY BARTOLOME DE LAS CASAS,CENTRO DE PROMOCION FEMENINA RATZUM KICHE,ALDEA BOLONCO,NELY MAGALY QUIJADA AYALA,HERMANA MILEIDI CORDERO BIZONDO,DIVERSIFICADO,PRIVADO,URBANA,CERRADA TEMPORALMENTE,MONOLINGUE,DOBLE,FIN DE SEMANA,ALTA VERAPAZ,
16-15-0096-46,16-028,ALTA VERAPAZ,FRAY BARTOLOME DE LAS CASAS,INSTITUTO NACIONAL DE EDUCACION DIVERSIFICADA,CASCO URBANO,NELY MAGALY QUIJADA AYALA,PEDRO RODR͇UEZ SANTIAGO,DIVERSIFICADO,OFICIAL,URBANA,ABIERTA,MONOLINGUE,VESPERTINA,DIARIO(REGULAR),ALTA VERAPAZ,57192698
16-15-0127-46,16-028,ALTA VERAPAZ,FRAY BARTOLOME DE LAS CASAS,COLEGIO PARTICULAR MIXTO FRAY BARTOLOME DE LAS CASAS,CALLE PRINCIPAL 5-81 ZONA 1,NELY MAGALY QUIJADA AYALA,EDWIN LOYD THOMPSON LARIOS,DIVERSIFICADO,PRIVADO,URBANA,ABIERTA,MONOLINGUE,VESPERTINA,DIARIO(REGULAR),ALTA VERAPAZ,58886168
16-15-0128-46,16-028,ALTA VERAPAZ,FRAY BARTOLOME DE LAS CASAS,"COLEGIO PARTICULAR MIXTO ""EL EXITO""",CALLE PRINCIPAL DEL BARRIO EL CENTRO,NELY MAGALY QUIJADA AYALA,OSCAR RENƓNAVAS PACHECO,DIVERSIFICADO,PRIVADO,URBANA,ABIERTA,MONOLINGUE,VESPERTINA,DIARIO(REGULAR),ALTA VERAPAZ,79520351
16-15-0130-46,16-028,ALTA VERAPAZ,FRAY BARTOLOME DE LAS CASAS,"LICEO TECNOLOGICO ""JOSE DE JESUS""",1RA. CALLE 13-18 ZONA 2,NELY MAGALY QUIJADA AYALA,MANUEL DE JESړ RALIOS ZACAŔS,DIVERSIFICADO,PRIVADO,URBANA,ABIERTA,MONOLINGUE,DOBLE,FIN DE SEMANA,ALTA VERAPAZ,30358725
16-15-0154-46,16-028,ALTA VERAPAZ,FRAY BARTOLOME DE LAS CASAS,COLEGIO PARTICULAR MIXTO EL EXITO,BARRIO EL CENTRO,NELY MAGALY QUIJADA AYALA,OSCAR RENƓNAVAS PACHECO,DIVERSIFICADO,PRIVADO,URBANA,ABIERTA,MONOLINGUE,MATUTINA,DIARIO(REGULAR),ALTA VERAPAZ,30464145
16-15-0156-46,16-028,ALTA VERAPAZ,FRAY BARTOLOME DE LAS CASAS,INSTITUTO MIXTO DE EDUCACIҎ BILINGUE INTERCULTURAL,ANTIGUA CASA CAMPESINA INTA ZONA 2,NELY MAGALY QUIJADA AYALA,YANIRA ARELY QUIROA MARCOS,DIVERSIFICADO,PRIVADO,URBANA,ABIERTA,BILINGUE,VESPERTINA,DIARIO(REGULAR),ALTA VERAPAZ,79514189
16-15-0157-46,16-039,ALTA VERAPAZ,FRAY BARTOLOME DE LAS CASAS,CENTRO DE PROMOCIӍ FEMENINA RATZ'UM KICHE,ALDEA BOLONCӼ/TD>,ELMER DUBAN ALVARADO JASSE,MERCEDES QUIRӒ QUIRӒ,DIVERSIFICADO,PRIVADO,RURAL,ABIERTA,BILINGUE,VESPERTINA,DIARIO(REGULAR),ALTA VERAPAZ,55146762
16-15-0163-46,16-028,ALTA VERAPAZ,FRAY BARTOLOME DE LAS CASAS,COLEGIO PARTICULAR MIXTO EL ɘITO,"CALLE DEL CAMPO LOTE 287, BARRIO EL CENTRO",NELY MAGALY QUIJADA AYALA,OSCAR RENƓNAVAS PACHECO,DIVERSIFICADO,PRIVADO,URBANA,CERRADA TEMPORALMENTE,MONOLINGUE,MATUTINA,DIARIO(REGULAR),ALTA VERAPAZ,79510090
16-15-0164-46,16-028,ALTA VERAPAZ,FRAY BARTOLOME DE LAS CASAS,COLEGIO PARTICULAR MIXTO EL ɘITO,"CALLE DEL CAMPO LOTE 287, BARRIO EL CENTRO",NELY MAGALY QUIJADA AYALA,OSCAR RENƓNAVAS PACHECO,DIVERSIFICADO,PRIVADO,URBANA,ABIERTA,MONOLINGUE,DOBLE,FIN DE SEMANA,ALTA VERAPAZ,79510090
16-15-0170-46,16-028,ALTA VERAPAZ,FRAY BARTOLOME DE LAS CASAS,COLEGIO CRISTIANO ISRAEL,"ZONA 0, CALZADA ISRAEL 1",NELY MAGALY QUIJADA AYALA,ALBA ARGENTINA DE PAZ SIERRA,DIVERSIFICADO,PRIVADO,URBANA,ABIERTA,MONOLINGUE,VESPERTINA,DIARIO(REGULAR),ALTA VERAPAZ,58831754
16-15-0172-46,16-028,ALTA VERAPAZ,FRAY BARTOLOME DE LAS CASAS,INSTITUTO MIXTO PRIVADO DE MAGISTERIO BILING܅,BARRIO EL MAGISTERIO,NELY MAGALY QUIJADA AYALA,OSCAR AMILCAR ARGUETA GARĆ,DIVERSIFICADO,PRIVADO,URBANA,ABIERTA,MONOLINGUE,SIN JORNADA,SEMIPRESENCIAL (UN D́ A LA SEMANA),ALTA VERAPAZ,40430217
16-15-1474-46,16-028,ALTA VERAPAZ,FRAY BARTOLOME DE LAS CASAS,LICEO TECNOLOGICO JOSE DE JESUS,1A. CALLE 13-18 ZONA 2 FRAY BARTOLOME DE LAS CASAS,NELY MAGALY QUIJADA AYALA,MANUEL DE JESړ RALIOS ZACAŔS,DIVERSIFICADO,PRIVADO,URBANA,ABIERTA,MONOLINGUE,VESPERTINA,DIARIO(REGULAR),ALTA VERAPAZ,78422471
16-15-2330-46,16-028,ALTA VERAPAZ,FRAY BARTOLOME DE LAS CASAS,INSTITUTO MIXTO PRIVADO DE MAGISTERIO BILINGUE,BARRIO MAGISTERIO,NELY MAGALY QUIJADA AYALA,OSCAR AMILCAR ARGUETA GARĆ,DIVERSIFICADO,PRIVADO,URBANA,ABIERTA,MONOLINGUE,VESPERTINA,DIARIO(REGULAR),ALTA VERAPAZ,49575230
16-16-0049-46,16-030,ALTA VERAPAZ,LA TINTA,INSTITUTO NACIONAL DE EDUCACION DIVERSIFICADA,CASCO URBANO,ELFIDO WILFREDO ARTOLA CAAL,SONIA EDITH FERNNDEZ MEZA,DIVERSIFICADO,OFICIAL,URBANA,ABIERTA,MONOLINGUE,VESPERTINA,DIARIO(REGULAR),ALTA VERAPAZ,51625336
16-16-0071-46,16-030,ALTA VERAPAZ,LA TINTA,INSTITUTO MIXTO PRIVADO LATINO,"BARRIO PEС BLANCA, ZONA 6",ELFIDO WILFREDO ARTOLA CAAL,CESAR AUGUSTO GONZLES CHӍ,DIVERSIFICADO,PRIVADO,URBANA,ABIERTA,MONOLINGUE,VESPERTINA,DIARIO(REGULAR),ALTA VERAPAZ,30300170
16-16-0072-46,16-030,ALTA VERAPAZ,LA TINTA,INSTITUTO MIXTO DE EDUCACION BILINGUE INTERCULTURAL -IMEBI-,"BARRIO EL CALVARIO, ZONA 5",ELFIDO WILFREDO ARTOLA CAAL,LYLIANA ELIZABETH ARTOLA CHOC,DIVERSIFICADO,PRIVADO,RURAL,ABIERTA,MONOLINGUE,DOBLE,FIN DE SEMANA,ALTA VERAPAZ,79514189
16-16-0109-46,16-038,ALTA VERAPAZ,LA TINTA,INSTITUTO NACIONAL DE EDUCACION DIVERSIFICADA,ALDEA JOLOMIJIXITO III,TEODORO ALBERTO PEREZ DUERING,KEVIN IVN SIERRA SI,DIVERSIFICADO,OFICIAL,RURAL,ABIERTA,BILINGUE,VESPERTINA,DIARIO(REGULAR),ALTA VERAPAZ,45310990
16-16-0110-46,16-030,ALTA VERAPAZ,LA TINTA,COLEGIO PRIVADO MIXTO SANTA CATALINA,BARRIO EL CENTRO,ELFIDO WILFREDO ARTOLA CAAL,DENIS EDUARDO LEAL BELTRN,DIVERSIFICADO,PRIVADO,URBANA,ABIERTA,BILINGUE,DOBLE,FIN DE SEMANA,ALTA VERAPAZ,48253203
16-16-0112-46,16-030,ALTA VERAPAZ,LA TINTA,COLEGIO PARTICULAR MIXTO TINTECO MAŔ TERESA,"ZONA 8, BARRIO EL RECREO",ELFIDO WILFREDO ARTOLA CAAL,LYLIANA ELIZABETH ARTOLA CHOC,DIVERSIFICADO,PRIVADO,URBANA,ABIERTA,MONOLINGUE,VESPERTINA,DIARIO(REGULAR),ALTA VERAPAZ,45647830
16-16-0116-46,16-030,ALTA VERAPAZ,LA TINTA,INSTITUTO MIXTO PRIVADO LATINO,BARRIO PEС BLANCA ZONA 6,ELFIDO WILFREDO ARTOLA CAAL,ARISTIDES EFREN LӐEZ GӍEZ,DIVERSIFICADO,PRIVADO,URBANA,ABIERTA,MONOLINGUE,MATUTINA,FIN DE SEMANA,ALTA VERAPAZ,48067726
16-16-0118-46,16-030,ALTA VERAPAZ,LA TINTA,COLEGIO PRIVADO MIXTO SANTA CATALINA,BARRIO EL CENTRO,ELFIDO WILFREDO ARTOLA CAAL,ANA MARIBEL BELTRN CALAT,DIVERSIFICADO,PRIVADO,URBANA,CERRADA TEMPORALMENTE,MONOLINGUE,MATUTINA,FIN DE SEMANA,ALTA VERAPAZ,30829001
16-16-0119-46,16-030,ALTA VERAPAZ,LA TINTA,COLEGIO PRIVADO MIXTO SANTA CATALINA,BARRIO EL CENTRO,ELFIDO WILFREDO ARTOLA CAAL,DENIS EDUARDO LEAL BELTRN,DIVERSIFICADO,PRIVADO,URBANA,ABIERTA,BILINGUE,VESPERTINA,DIARIO(REGULAR),ALTA VERAPAZ,48253203
16-16-0125-46,16-030,ALTA VERAPAZ,LA TINTA,"COLEGIO PARTICULAR MIXTO TINTECO ""MAŔ TERESA""",SANTA CATALINA LA TINTA,ELFIDO WILFREDO ARTOLA CAAL,LYLIANA ELIZABETH ARTOLA CHOC,DIVERSIFICADO,PRIVADO,URBANA,CERRADA TEMPORALMENTE,MONOLINGUE,MATUTINA,FIN DE SEMANA,ALTA VERAPAZ,45647830
16-16-0126-46,16-030,ALTA VERAPAZ,LA TINTA,"COLEGIO PARTICULAR MIXTO TINTECO ""MAŔ TERESA""",BARRIO CAMPO NUEVO ZONA 2,ELFIDO WILFREDO ARTOLA CAAL,LYLIANA ELIZABETH ARTOLA CHOC,DIVERSIFICADO,PRIVADO,URBANA,ABIERTA,MONOLINGUE,DOBLE,FIN DE SEMANA,ALTA VERAPAZ,45647830
16-16-0131-46,16-030,ALTA VERAPAZ,LA TINTA,INSTITUTO MIXTO PRIVADO LATINO,BARRIO PEС BLANCA ZONA 6,ELFIDO WILFREDO ARTOLA CAAL,ARISTIDES EFREN LӐEZ GӍEZ,DIVERSIFICADO,PRIVADO,URBANA,ABIERTA,MONOLINGUE,DOBLE,FIN DE SEMANA,ALTA VERAPAZ,37311196
16-16-0132-46,16-030,ALTA VERAPAZ,LA TINTA,INSTITUTO MIXTO PRIVADO LATINO,"BARRIO PEС BLANCA, ZONA 6",ELFIDO WILFREDO ARTOLA CAAL,CESAR AUGUSTO GONZLES CHӍ,DIVERSIFICADO,PRIVADO,URBANA,ABIERTA,MONOLINGUE,SIN JORNADA,SEMIPRESENCIAL (FIN DE SEMANA),ALTA VERAPAZ,37311196
16-16-0134-46,16-030,ALTA VERAPAZ,LA TINTA,COLEGIO PARTICULAR MIXTO TINTECO MARIA TERESA,BARRIO CAMPO NUEVO,ELFIDO WILFREDO ARTOLA CAAL,LYLIANA ELIZABETH ARTOLA CHOC,DIVERSIFICADO,PRIVADO,URBANA,ABIERTA,MONOLINGUE,SIN JORNADA,SEMIPRESENCIAL (FIN DE SEMANA),ALTA VERAPAZ,37229189
16-16-0135-46,16-030,ALTA VERAPAZ,LA TINTA,LICEO CRISTIANO EBENEZER,"BARRIO CAMPO NUEVO, ZONA 2",ELFIDO WILFREDO ARTOLA CAAL,ROSAURA HERLINDA LAJUJ ALVARADO,DIVERSIFICADO,PRIVADO,URBANA,ABIERTA,MONOLINGUE,MATUTINA,DIARIO(REGULAR),ALTA VERAPAZ,57439100
16-16-0136-46,16-030,ALTA VERAPAZ,LA TINTA,LICEO CRISTIANO EBENEZER,"BARRIO CAMPO NUEVO, ZONA 2",ELFIDO WILFREDO ARTOLA CAAL,ROSAURA HERLINDA LAJUJ ALVARADO,DIVERSIFICADO,PRIVADO,URBANA,ABIERTA,MONOLINGUE,DOBLE,FIN DE SEMANA,ALTA VERAPAZ,57439100
16-16-0138-46,16-030,ALTA VERAPAZ,LA TINTA,COLEGIO PRIVADO MIXTO SANTA CATALINA,BARRIO EL CENTRO,ELFIDO WILFREDO ARTOLA CAAL,DENIS EDUARDO LEAL BELTRN,DIVERSIFICADO,PRIVADO,URBANA,ABIERTA,MONOLINGUE,SIN JORNADA,SEMIPRESENCIAL (FIN DE SEMANA),ALTA VERAPAZ,30829001
16-16-0139-46,16-038,ALTA VERAPAZ,LA TINTA,LICEO CRISTIANO EBENEZER,"BARRIO CAMPO NUEVO, ZONA 2",TEODORO ALBERTO PEREZ DUERING,ROSAURA HERLINDA LAJUJ ALVARADO,DIVERSIFICADO,PRIVADO,URBANA,ABIERTA,MONOLINGUE,MATUTINA,DIARIO(REGULAR),ALTA VERAPAZ,57439100
16-16-0140-46,16-050,ALTA VERAPAZ,LA TINTA,CENTRO DE EDUCACIӍ EXTRAESCOLAR -CEEX-,"BARRIO EL HOSPITAL, ZONA 1",MAXIMILIANO CHUB ICAL,HENRY NOƓTZUL BOTZOC,DIVERSIFICADO,OFICIAL,RURAL,ABIERTA,BILINGUE,DOBLE,DIARIO(REGULAR),ALTA VERAPAZ,30691286
16-16-0141-46,16-030,ALTA VERAPAZ,LA TINTA,INSTITUTO DE EDUCACION DIVERSIFICADA POR COOPERATIVA DE ENSEСNZA,BARRIO EL CRUCERO,ELFIDO WILFREDO ARTOLA CAAL,GUADALUPE BELTRN CALAT,DIVERSIFICADO,COOPERATIVA,URBANA,ABIERTA,BILINGUE,VESPERTINA,DIARIO(REGULAR),ALTA VERAPAZ,57556014
16-16-8541-46,16-030,ALTA VERAPAZ,LA TINTA,INSTITUTO MIXTO PRIVADO 'EL PORVENIR',BARRIO EL CENTRO ZONA 1,ELFIDO WILFREDO ARTOLA CAAL,GERSON ALEXANDER REYES ARRUɼ/TD>,DIVERSIFICADO,PRIVADO,URBANA,ABIERTA,MONOLINGUE,VESPERTINA,DIARIO(REGULAR),ALTA VERAPAZ,30406309
16-17-0066-46,16-026,ALTA VERAPAZ,RAXRUHA,"INSTITUTO MIXTO DE MAGISTERIO BILINGUE ""SAN ANTONIO DE PADUA""",BARRIO SANTA MARIA,ILEANA VERӍICA MACZ CALACH,MATEO COC CUC,DIVERSIFICADO,PRIVADO,URBANA,ABIERTA,MONOLINGUE,VESPERTINA,DIARIO(REGULAR),ALTA VERAPAZ,57596947
16-17-0071-46,16-017,ALTA VERAPAZ,RAXRUHA,COLEGIO MIXTO PRIVADO BILINGUE SAN JUAN,BARRIO CONCEPCION,CESAR RIGOBERTO CUC CAAL,---,DIVERSIFICADO,PRIVADO,URBANA,CERRADA TEMPORALMENTE,MONOLINGUE,VESPERTINA,DIARIO(REGULAR),ALTA VERAPAZ,53303170
16-17-0081-46,16-026,ALTA VERAPAZ,RAXRUHA,COLEGIO MIXTO PRIVADO BILINGUE SAN JUAN,BARRIO CONCEPCION,ILEANA VERӍICA MACZ CALACH,ANGEL YONNY GARCIA MOLINA,DIVERSIFICADO,PRIVADO,URBANA,CERRADA TEMPORALMENTE,MONOLINGUE,DOBLE,FIN DE SEMANA,ALTA VERAPAZ,
16-17-0115-46,16-026,ALTA VERAPAZ,RAXRUHA,LICEO SAN JOSE LA PRIMAVERA,ALDEA SAN JOSE EL TESORO,ILEANA VERӍICA MACZ CALACH,JUAN MANUEL CAL CHOC,DIVERSIFICADO,PRIVADO,RURAL,CERRADA TEMPORALMENTE,MONOLINGUE,VESPERTINA,DIARIO(REGULAR),ALTA VERAPAZ,58035046
16-17-0120-46,16-017,ALTA VERAPAZ,RAXRUHA,INSTITUTO MIXTO DE EDUCACION BILINGUE INTERCULTURAL -IMEBI-,BARRIO SANTA MARIA,CESAR RIGOBERTO CUC CAAL,ROMULO EFREN QUIROA LUIS,DIVERSIFICADO,PRIVADO,URBANA,CERRADA TEMPORALMENTE,MONOLINGUE,DOBLE,FIN DE SEMANA,ALTA VERAPAZ,58209425
16-17-0123-46,16-026,ALTA VERAPAZ,RAXRUHA,INSTITUTO NACIONAL DE EDUCACION DIVERSIFICADA,BARRIO CONCEPCION,ILEANA VERӍICA MACZ CALACH,ARNOLDO COC CHOC,DIVERSIFICADO,OFICIAL,URBANA,ABIERTA,MONOLINGUE,VESPERTINA,DIARIO(REGULAR),ALTA VERAPAZ,33530288
16-17-0143-46,16-050,ALTA VERAPAZ,RAXRUHA,CENTRO DE EDUCACIӍ EXTRAESCOLAR,RAXRUH|/TD>,MAXIMILIANO CHUB ICAL,EDGAR FLORENCIO TUT CHUB,DIVERSIFICADO,OFICIAL,URBANA,ABIERTA,MONOLINGUE,DOBLE,SEMIPRESENCIAL,ALTA VERAPAZ,48488623
16-17-0144-46,16-026,ALTA VERAPAZ,RAXRUHA,"INSTITUTO MIXTO DE MAGISTERIO BILING܅ ""SAN ANTONIO DE PADUA""",BARRIO SANTA MAŔ,ILEANA VERӍICA MACZ CALACH,MATEO COC CUC,DIVERSIFICADO,PRIVADO,URBANA,ABIERTA,MONOLINGUE,DOBLE,FIN DE SEMANA,ALTA VERAPAZ,40659805
16-17-0147-46,16-026,ALTA VERAPAZ,RAXRUHA,"INSTITUTO MIXTO DE MAGISTERIO BILING܅ ""SAN ANTONIO DE PADUA""",BARRIO SANTA MARIA,ILEANA VERӍICA MACZ CALACH,MATEO COC CUC,DIVERSIFICADO,PRIVADO,URBANA,ABIERTA,MONOLINGUE,SIN JORNADA,SEMIPRESENCIAL (FIN DE SEMANA),ALTA VERAPAZ,40659805
,,,,,,,,,,,,,,,,
,,,,,,,,,,,,,,,,
,,,,,,,,,,,,,,,,
